DESCRICAO,sum,count,mean
Cobertura Assistencial com Preço Preestabelecido,247826823109.0,420,590063864.5452381
CONTRAPRESTAÇÕES EMITIDAS / PRÊMIOS EMITIDOS DE ASSISTÊNCIA MÉDICO-HOSPITALAR,211675471297.0,81,2613277423.419753
RECEITAS COM OPERAÇÕES DE ASSISTÊNCIA A SAÚDE,210006287850.0,122,1721363015.1639345
CONTRAPRESTAÇÕES EMITIDAS / PRÊMIOS EMITIDOS DE ASSISTÊNCIA A SAÚDE,207460323359.0,86,2412329341.383721
EVENTOS INDENIZÁVEIS LÍQUIDOS / SINISTROS RETIDOS,188356945057.0,73,2580232124.0684934
EVENTOS/SINISTROS CONHECIDOS OU AVISADOS DE ASSISTÊNCIA À SAÚDE,167262360409.0,85,1967792475.4
EVENTOS/ SINISTROS CONHECIDOS OU AVISADOS  DE ASSISTÊNCIA A SAÚDE MEDICO HOSPITALAR ,143172488195.0,229,625207372.0305676
Despesas com Eventos / Sinistros,142614296311.0,2269,62853369.90348171
Cobertura Assistencial com Preço Pré-estabelecido,142399865167.0,315,452063064.0222222
EVENTOS/ SINISTROS CONHECIDOS OU AVISADOS NA MODALIDADE DE PAGAMENTO POR PROCEDIMENTO,90712237738.0,82,1106246801.682927
PROVISÕES TÉCNICAS DE OPERAÇÕES DE ASSISTÊNCIA À SAÚDE,71320123382.0,104,685770417.1346154
PROVISÕES TÉCNICAS DE OPERAÇÕES DE ASSISTÊNCIA MÉDICO-HOSPITALAR,40014558941.0,73,548144643.0273973
EVENTOS/ SINISTROS CONHECIDOS OU AVISADOS  NA MODALIDADE DE PAGAMENTO POR PACOTE,20755730461.0,27,768730757.8148148
EVENTOS/ SINISTROS CONHECIDOS OU AVISADOS  POR RATEIO DE CUSTOS DE RECURSOS PRÓPRIOS,16762802977.0,26,644723191.4230769
Provisão para Eventos/Sinistros Ocorridos e Não Avisados (PEONA) - Outros Prestadores,14350103332.0,66,217425808.06060606
Provisão para Eventos/Sinistros Ocorridos e Não Avisados (PEONA),12991784546.0,49,265138460.12244898
Provisão de Eventos/Sinistros a Liquidar para Outros Prestadores de Serviços Assistenciais,11819154062.0,107,110459383.75700934
PROVISÕES TÉCNICAS DE OPERAÇÕES DE ASSISTÊNCIA A SAÚDE,9736657528.0,52,187243414.0
EVENTOS/ SINISTROS CONHECIDOS OU AVISADOS -  REEMBOLSO,8439622346.0,64,131869099.15625
Despesas com Eventos / Sinistros na modalidade de pagamento por procedimento,7635998908.0,283,26982328.296819787
EVENTOS/ SINISTROS CONHECIDOS OU AVISADOS PRESTADOS POR REDE INDIRETA,7289806295.0,17,428812135.0
Variação da Provisão de Eventos/Sinistros Ocorridos e Não Avisados de Assistência Médico-Hospitalar,6406305771.0,46,139267516.76086956
CRÉDITOS DE OPERAÇÕES COM PLANOS DE ASSISTÊNCIA À SAÚDE,5116026286.0,57,89754847.12280701
Participações em Operadora de Planos de Assistência à Saúde,5032919187.0,12,419409932.25
PARTICIPAÇÕES EM OPERADORA DE PLANOS DE ASSISTÊNCIA A SAÚDE,5032919187.0,12,419409932.25
Cobertura Assistencial com Preço Preestabelecido - Coletivos Empresariais,3702470370.0,42,88154056.42857143
Provisão de Eventos/Sinistros Ocorridos e Não Avisados - Outros Prestadores,3243343336.0,45,72074296.35555555
VARIAÇÃO DA PROVISÃO DE EVENTOS/SINISTROS OCORRIDOS E NÃO AVISADOS DE ASSISTÊNCIA MÉDICO-HOSPITALAR,3204963678.0,19,168682298.84210527
VARIAÇÃO DA PROVISÃO DE EVENTOS/SINISTROS OCORRIDOS E NÃO AVISADOS,3198234332.0,27,118453123.4074074
VARIAÇÃO DA PROVISÃO DE EVENTOS/SINISTROS OCORRIDOS E NÃO AVISADOS DE ASSISTÊNCIA A SAÚDE,3198234332.0,27,118453123.4074074
EVENTOS/ SINISTROS CONHECIDOS OU AVISADOS  NA MODALIDADE DE PAGAMENTO POR CAPITATION,3137291058.0,18,174293947.66666666
CONTRAPRESTAÇÃO PECUNIÁRIA/PRÊMIOS A RECEBER DE ASSISTÊNCIA MÉDICO HOSPITALAR,2821277280.0,39,72340443.07692307
COMISSÃO E AGENCIAMENTO SOBRE OPERAÇÕES DE ASSISTÊNCIA À SAÚDE,2752755658.0,51,53975601.1372549
CONTRAPRESTAÇÕES EMITIDAS / PRÊMIOS EMITIDOS DE ASSISTÊNCIA ODONTOLÓGICA,2456261356.0,15,163750757.06666666
Despesas com Eventos/Sinistros - Judicial,2342452541.0,305,7680172.265573771
"Fundo de Assistência Técnica, Educacional e Social (F.A.T.E.S.)",2085483019.0,7,297926145.5714286
OUTRAS DESPESAS OPERACIONAIS DE ASSISTÊNCIA À SAÚDE NÃO RELACIONADAS COM PLANO DE SAÚDE DA OPERADORA,1777695130.0,78,22790963.205128204
OUTRAS RECEITAS OPERACIONAIS DE PLANOS DE ASSISTÊNCIA À SAÚDE,1533709682.0,614,2497898.5048859934
RECEITAS DE ASSISTÊNCIA À SAÚDE NÃO RELACIONADAS COM PLANOS DE SAÚDE DA OPERADORA,1513106326.0,224,6754938.955357143
Cobertura Assistencial com Preço Pós Estabelecido,1447415362.0,28,51693405.78571428
DESPESAS COM OPERAÇÕES DE ASSISTÊNCIA A SAÚDE,1314182926.0,68,19326219.5
Provisão Sobre Créditos de Operações  de Assistência Não Relacionadas com Plano de.Saúde,1295119766.0,25,51804790.64
EVENTOS/ SINISTROS CONHECIDOS OU AVISADOS EM OUTRAS FORMAS DE PAGAMENTO,1274364474.0,4,318591118.5
COBERTURA ASSISTENCIAL MÉDICO-HOSPITALAR,1250102285.0,1,1250102285.0
Cobertura Assistencial com Preço Pós-estabelecido,1173288084.0,237,4950582.6329113925
OUTRAS DESPESAS OPERACIONAIS COM PLANOS DE ASSISTÊNCIA À SAÚDE DA OPERADORA,906313137.0,56,16184163.160714285
DESPESAS COM OPERAÇÕES DE ASSISTÊNCIA MÉDICO-HOSPITALAR,893041635.0,50,17860832.7
EVENTOS/ SINISTROS CONHECIDOS OU AVISADOS  NA MODALIDADE DE PAGAMENTO POR ORÇAMENTO GLOBAL,878500445.0,7,125500063.57142857
Receitas com Operações de Assistência Médico-Hospitalar,690264295.0,104,6637156.682692308
Outras Despesas de Operações de Assistência Médico-Hospitalar,602947684.0,203,2970185.6354679805
EVENTOS/SINISTROS  DE ASSISTÊNCIA ODONTOLÓGICA ,480642755.0,78,6162086.602564103
OUTROS CRÉDITOS DE OPERAÇÕES COM PLANOS DE ASSISTÊNCIA À SAÚDE,462005753.0,61,7573864.803278688
COMISSÕES DIFERIDAS COM OPERAÇÕES DE ASSISTÊNCIA A SAÚDE,451891306.0,3,150630435.33333334
RECEITAS COM SINISTROS,442530362.0,2,221265181.0
Receitas com Sinistros,442530362.0,2,221265181.0
Outros Débitos de Operações com Planos de Assistência Médico-Hospitalar,424026988.0,81,5234901.086419753
RECEITAS COM OPERAÇÕES DE ASSISTÊNCIA MÉDICO-HOSPITALAR,401347644.0,41,9788966.92682927
Aquisição de Carteira de Plano de Assistência à Saúde,395454661.0,96,4119319.3854166665
OPERADORAS DE PLANOS DE ASSISTÊNCIA MÉDICO-HOSPITALAR,392557689.0,36,10904380.25
OPERADORAS DE PLANOS DE ASSISTÊNCIA À SAÚDE,352004676.0,41,8585479.902439024
DÉBITOS DE OPERAÇÕES DE ASSISTÊNCIA À SAÚDE,288467391.0,39,7396599.769230769
OUTRAS DESPESAS DE OPERAÇÕES DE PLANOS DE ASSISTÊNCIA A SAÚDE,227148352.0,120,1892902.9333333333
Indenizações com Sinistros,221265181.0,1,221265181.0
OUTROS DÉBITOS DE OPERAÇÕES COM PLANOS DE ASSISTÊNCIA À SAÚDE,215637533.0,46,4687772.456521739
OUTROS DÉBITOS DE OPERAÇÕES COM PLANOS DE ASSISTÊNCIA MÉDICO HOSPITALAR,215637533.0,46,4687772.456521739
Outros Débitos de Operações com Planos de  Assistência Médico-Hospitalar,213106658.0,43,4955968.790697674
DÉBITOS COM OPERAÇÕES DE ASSISTÊNCIA À SAÚDE NÃO RELACIONADAS COM PLANOS DE SAÚDE DA OPERADORA,183223644.0,32,5725738.875
OUTRAS DESPESAS DE OPERAÇÕES DE PLANOS DE ASSISTÊNCIA MÉDICO-HOSPITALAR,167653073.0,98,1710745.642857143
Cobertura Assistencial com Preço Preestabelecido - Coletivos por Adesão,158681288.0,28,5667188.857142857
Outros Créditos de Operações de Assistência Médico-Hospitalar,139729344.0,115,1215037.7739130436
CRÉDITOS DE OPERAÇÕES DE ASSISTÊNCIA À SAÚDE NÃO RELACIONADOS COM PLANOS DE SAÚDE DA OPERADORA,124018558.0,86,1442076.2558139535
OUTROS CRÉDITOS DE OPERAÇÕES DE ASSISTÊNCIA MÉDICO-HOSPITALAR,115749426.0,53,2183951.433962264
VARIAÇÃO DAS PROVISÕES TÉCNICAS DE OPERAÇÕES DE ASSISTÊNCIA À SAÚDE,105762352.0,40,2644058.8
Adiantamentos a Prestadores de Serviços Assistenciais,103700032.0,111,934234.5225225225
Receitas com Outras Operações de Planos de Assistência Médico-Hospitalar,81402900.0,536,151871.08208955225
Participação dos Beneficiários em Eventos/Sinistros Indenizados,76845443.0,58,1324921.4310344828
Provisão de Eventos/Sinistros a Liquidar para o SUS,76780028.0,33,2326667.515151515
CRÉDITOS A RECEBER DE PRESTAÇÃO DE SERVIÇOS DE ASSISTÊNCIA MÉDICO-HOSPITALAR,61043018.0,35,1744086.2285714287
Despesas com Assistência Social,56782646.0,118,481208.86440677964
DESPESAS COM ASSISTÊNCIA SOCIAL,54984894.0,118,465973.6779661017
Variação das Provisões Técnicas de Assistência Médico-Hospitalar,52845184.0,18,2935843.5555555555
VARIAÇÃO DAS PROVISÕES TÉCNICAS DE ASSISTÊNCIA MÉDICO-HOSPITALAR,52845184.0,18,2935843.5555555555
Participação dos Beneficiários em Eventos/Sinistros Indenizados a Cobrar,49744382.0,11,4522216.545454546
Provisão Sobre Demais Créditos de Operações de Assistência Médico-Hospitalar,49258956.0,32,1539342.375
RECEITAS COM OUTRAS OPERAÇÕES DE PLANOS DE ASSISTÊNCIA MÉDICO-HOSPITALAR,43971150.0,269,163461.52416356877
Despesas Financeiras com Operações de Assistência Médico-Hospitalar,43271256.0,60,721187.6
Prestadores de Serviços de Assistência à Saúde,42671568.0,50,853431.36
DÉBITOS A PRESTADORES DE SERVIÇOS DE ASSISTÊNCIA À SAÚDE,42671568.0,50,853431.36
Provisão Sobre Contraprestação Pecuniárias/Prêmios a Receber de Assistência Médico-Hospitalar,42383403.0,32,1324481.34375
Depósitos de Beneficiários de Planos de Assistência à Saúde e de Terceiros,40603621.0,33,1230412.7575757576
Provisão para Eventos/Sinistros Ocorridos e Não Avisados (PEONA) - SUS,30936176.0,37,836112.8648648649
Despesas com Assistência Médica/ Odontológica,29290199.0,59,496444.0508474576
Cobertura Assistencial com Preço Preestabelecido - Individual/Familiar,27778951.0,56,496052.6964285714
Participações Societárias em Rede Assistencial não Hospitalar,25214188.0,10,2521418.8
PARTICIPAÇÕES SOCIETÁRIAS EM REDE ASSISTENCIAL NÃO HOSPITALAR,25214188.0,10,2521418.8
PARTICIPAÇÃO DOS BENEFICIÁRIOS EM EVENTOS/SINISTROS INDENIZADOS,22815825.0,37,616643.9189189189
Débitos a Prestadores de Serviços de Assistência à Saúde,21335784.0,25,853431.36
DESPESAS FINANCEIRAS COM OPERAÇÕES DE ASSISTÊNCIA MÉDICO-HOSPITALAR,21105402.0,27,781681.5555555555
PARTICIPAÇÃO DOS BENEFICIÁRIOS EM EVENTOS/SINISTROS INDENIZADOS DE ASSISTÊNCIA MÉDICO-HOSPITALAR,19728908.0,37,533213.7297297297
Provisão de Eventos/Sinistros a Liquidar para o SUS - Parcelamento,17758999.0,17,1044647.0
Provisão de Eventos/Sinistros a Liquidar para o SUS - GRU,16470952.0,17,968879.5294117647
RECEITAS FINANCEIRAS COM OPERAÇÕES DE ASSISTÊNCIA À SAÚDE,16158388.0,29,557185.7931034482
Receitas com Administração de Intercâmbio Eventual - Assistência Médico Hospitalar,15928856.0,6,2654809.3333333335
RECEITAS COM ADMINISTRAÇÃO DE INTERCÂMBIO EVENTUAL - ASSISTENCIA MEDICO HOSPITALAR,15928856.0,6,2654809.3333333335
Despesas Judiciais de Eventos/Sinistros Médico-Hospitalares,15926332.0,97,164188.98969072165
Participação dos Beneficiários em Eventos/Sinistros Indenizados a Receber,15437986.0,52,296884.3461538461
Participações em Operadoras e Rede Assistencial,15377018.0,22,698955.3636363636
Provisão de Eventos/Sinistros a Liquidar para o SUS - Ação Judicial com Depósito Judicial,13028280.0,7,1861182.857142857
EVENTOS/ SINISTROS CONHECIDOS OU AVISADOS NO SISTEMA ÚNICO DE SAÚDE - SUS,12716026.0,26,489077.92307692306
Comissões/Agenciamentos Diferidos com Planos de Assistência Médico-Hospitalar,9999766.0,4,2499941.5
Receitas com Administração de Intercâmbio Eventual - Assistência Médico Hospitalar ,9656902.0,14,689778.7142857143
Contraprestação Pecuniária/Prêmios Recebidos Antecipadamente - Assistência Médico Hospitalar,9488388.0,48,197674.75
DESPESAS FINANCEIRAS COM OPERAÇÕES DE ASSISTÊNCIA À SAÚDE,8479254.0,68,124694.91176470589
Contraprestações/Prêmios a Restituir de Assistência Médico-Hospitalar,8464868.0,22,384766.7272727273
Débitos de Administração de Benefícios de Planos de Assistência Médico-Hospitalar,8413792.0,3,2804597.3333333335
DÉBITOS DE ADMINISTRAÇÃO DE BENEFÍCIOS DE PLANOS DE ASSISTÊNCIA MÉDICO HOSPITALAR,8413792.0,3,2804597.3333333335
Débitos com Programas ou Fundos para Custeio de Despesas de Assistência Médico-Hospitalar,7457931.0,10,745793.1
Créditos em Programas ou Fundos para Custeio de Despesas de Assistência Médico-Hospitalar,7292086.0,8,911510.75
Provisão de Eventos /Sinistros a Liquidar para o SUS  ( %  hc x ABI),6258961.0,17,368174.17647058825
Despesas com Eventos/Sinistros não cobertos,5730236.0,33,173643.51515151514
COMISSÕES/AGENCIAMENTOS DIFERIDOS COM PLANOS DE ASSISTÊNCIA MÉDICO-HOSPITALAR,4999883.0,2,2499941.5
Programas Assistenciais e Culturais aos Participantes,4969983.0,18,276110.1666666667
Outras Despesas de Operações de Assistência Odontológica,4451160.0,99,44961.21212121212
Receitas com Operações de Assistência Odontológica,4299798.0,40,107494.95
CONTRAPRESTAÇÕES/PRÊMIOS A RESTITUIR DE ASSISTÊNCIA MÉDICO-HOSPITALAR,4232434.0,11,384766.7272727273
CONTRAPRESTAÇÃO PECUNIÁRIA/PRÊMIOS A RECEBER DE ASSISTÊNCIA ODONTOLÓGICA,4169935.0,17,245290.29411764705
Cobertura Assistencial com Preço Pós-estabelecido - Coletivos Empresariais,3588640.0,9,398737.77777777775
PROGRAMAS ASSISTENCIAIS E CULTURAIS AOS PARTICIPANTES,3313322.0,12,276110.1666666667
CONTRAPRESTAÇÃO PECUNIÁRIA/PRÊMIOS RECEBIDOS ANTECIPADAMENTE - ASSISTÊNCIA MÉDICO HOSPITALAR,3162796.0,16,197674.75
OPERADORAS DE PLANOS DE ASSISTÊNCIA ODONTOLÓGICA,3142066.0,6,523677.6666666667
Despesas com Eventos / Sinistros ,3107924.0,27,115108.29629629629
Provisão Sobre Créditos de Operações de Assistência Médico-Hospitalar Não Relacionadas com Plano de Saúde,3014903.0,16,188431.4375
Depósitos Judiciais - Eventos / Sinistros,2758433.0,19,145180.68421052632
Débitos de Seguros de Despesas Assistenciais,2530875.0,3,843625.0
OUTRAS DESPESAS DE OPERAÇÕES DE ASSISTÊNCIA ODONTOLÓGICA,2284482.0,51,44793.76470588235
RECEITAS COM OPERAÇÕES DE ASSISTÊNCIA ODONTOLÓGICA,2149899.0,20,107494.95
Comercialização sobre Operações de Assistência Médico-Hospitalar,1986378.0,32,62074.3125
Provisão Sobre Contraprestação Pecuniárias/Prêmios a Receber de Assistência Odontológica,1976153.0,10,197615.3
Eventos/Sinistros a Liquidar para Outros Prestadores - Ação Judicial com Depósito Judicial,1457472.0,4,364368.0
Receitas com Outras Operações de Planos de Assistência Odontológica,1279709.0,128,9997.7265625
Variação da Provisão de Eventos/Sinistros Ocorridos e Não Avisados de Assistência Odontológica,1120902.0,14,80064.42857142857
CRÉDITOS A RECEBER DE PRESTAÇÃO DE SERVIÇOS DE ASSISTÊNCIA ODONTOLÓGICA,1077035.0,8,134629.375
COMERCIALIZAÇÃO SOBRE OPERAÇÕES DE ASSISTÊNCIA MÉDICO-HOSPITALAR,993189.0,16,62074.3125
(-) TRIBUTOS DIRETOS DE OPERAÇÕES COM PLANOS DE ASSISTÊNCIA À SAÚDE DA OPERADORA,803170.0,2,401585.0
Provisão de Eventos/Sinistros Ocorridos e Não Avisados - SUS,796304.0,11,72391.27272727272
RECEITAS COM OUTRAS OPERAÇÕES DE PLANOS DE ASSISTÊNCIA ODONTOLÓGICA,619999.0,61,10163.918032786885
VARIAÇÃO DA PROVISÃO DE EVENTOS/SINISTROS OCORRIDOS E NÃO AVISADOS DE ASSISTÊNCIA ODONTOLÓGICA,560451.0,7,80064.42857142857
Despesas Judiciais de Eventos/Sinistros Odontológicos,480165.0,8,60020.625
PROVISÕES TÉCNICAS DE OPERAÇÕES DE ASSISTÊNCIA ODONTOLÓGICA,455859.0,8,56982.375
ADMINISTRAÇÃO DE BENEFÍCIOS DE PLANOS DE ASSISTÊNCIA MÉDICO-HOSPITALAR,441066.0,4,110266.5
Administração de Benefícios de Planos de Assistência Médico-Hospitalar,441066.0,4,110266.5
(-) Tributos Diretos de Operações de Assistência Médico-Hospitalar,401685.0,2,200842.5
(-) TRIBUTOS DIRETOS DE OPERAÇÕES DE ASSISTÊNCIA MÉDICO-HOSPITALAR,401585.0,1,401585.0
(-) TRIBUTOS DIRETOS DE OPERAÇÕES DE ASSISTÊNCIA À SAÚDE,401585.0,1,401585.0
Despesas Financeiras com Operações de Assistência Odontológica,300220.0,20,15011.0
DESPESAS FINANCEIRAS COM OPERAÇÕES DE ASSISTÊNCIA ODONTOLÓGICA,150110.0,10,15011.0
Cobertura Assistencial com Preço Pós-estabelecido - Coletivos por Adesão,81643.0,9,9071.444444444445
Variação das Provisões Técnicas de Assistência Odontológica,37173.0,3,12391.0
VARIAÇÃO DAS PROVISÕES TÉCNICAS DE ASSISTÊNCIA ODONTOLÓGICA,37173.0,3,12391.0
Outros Créditos de Operações de Assistência Odontológica,36576.0,20,1828.8
Provisão Sobre Créditos de Operações de Assistência Odontológica Não Relacionadas com Plano de Saúde,29000.0,2,14500.0
OUTROS CRÉDITOS DE OPERAÇÕES DE ASSISTÊNCIA ODONTOLÓGICA,27439.0,12,2286.5833333333335
Contraprestação Pecuniária/Prêmios Recebidos Antecipadamente - Assistência Odontológica,19731.0,18,1096.1666666666667
Provisão Sobre Outros Créditos de Administradora de Benefícios - Assistência Odontológica,17026.0,3,5675.333333333333
Comercialização sobre Operações de Assistência Odontológica,16524.0,10,1652.4
Participação em Rede Assistencial Não Hospitalar,16000.0,4,4000.0
Débitos com Administração de Programas ou Fundos de Custeio de Despesas de Assistência à Saúde,14982.0,3,4994.0
Administração de Benefícios de Assistência Odontológica,13013.0,6,2168.8333333333335
ADMINISTRAÇÃO DE BENEFÍCIOS DE ASSISTÊNCIA ODONTOLÓGICA,13013.0,6,2168.8333333333335
(-)Recuperação de Despesas de Comercialização sobre Contraprestações/Prêmios Canceladas (os)/Restituídas(os) de Assistência Médico-Hospitalar,11124.0,6,1854.0
COMERCIALIZAÇÃO SOBRE OPERAÇÕES DE ASSISTÊNCIA ODONTOLÓGICA,8262.0,5,1652.4
DESCONTOS - ASSISTÊNCIA MÉDICO HOSPITALAR,7334.0,1,7334.0
CONTRAPRESTAÇÃO PECUNIÁRIA/PRÊMIOS RECEBIDOS ANTECIPADAMENTE - ASSISTÊNCIA ODONTOLÓGICA,6577.0,6,1096.1666666666667
(-)RECUPERAÇÃO DE DESPESAS DE COMERCIALIZAÇÃO SOBRE CONTRAPRESTAÇÕES / PRÊMIOS CANCELADAS(OS)/RESTITUÍDAS(OS) DE ASSISTÊNCIA A SAUDE,5562.0,3,1854.0
(-)RECUPERAÇÃO DE DESPESAS DE COMERCIALIZAÇÃO SOBRE CONTRAPRESTAÇÕES / PRÊMIOS CANCELADAS(OS)/RESTITUÍDAS(OS) DE ASSISTÊNCIA MÉDICO-HOSPITALAR,5562.0,3,1854.0
Provisão Sobre Demais Créditos de Operações de Assistência Odontológica,3683.0,25,147.32
PARTICIPAÇÃO DOS BENEFICIÁRIOS EM EVENTOS/SINISTROS INDENIZADOS DE ASSISTÊNCIA ODONTOLÓGICA,2171.0,5,434.2
Cobertura Assistencial com Preço Preestabelecido com Corresponsabilidade Cedida em Preço Pós-estabelecido (Taxa de Administração),1136.0,1,1136.0
DÉBITOS DE ADMINISTRAÇÃO DE BENEFÍCIOS DE PLANOS DE ASSISTÊNCIA ODONTOLÓGICA,732.0,1,732.0
Débitos de Administração de Benefícios de Planos de Assistência Odontológica,732.0,1,732.0
(-) OUTRAS DEDUÇÕES DAS CONTRAPRESTAÇÕES/PRÊMIOS DE ASSISTÊNCIA ODONTOLÓGICA,30.0,1,30.0
