DESCRICAO,sum,count
EVENTOS/SINISTROS CONHECIDOS OU AVISADOS DE ASSISTÊNCIA À SAÚDE,167262360409.0,85
EVENTOS/ SINISTROS CONHECIDOS OU AVISADOS  DE ASSISTÊNCIA A SAÚDE MEDICO HOSPITALAR ,143172488195.0,229
Despesas com Eventos / Sinistros,142614296311.0,2269
EVENTOS/ SINISTROS CONHECIDOS OU AVISADOS NA MODALIDADE DE PAGAMENTO POR PROCEDIMENTO,90712237738.0,82
EVENTOS/ SINISTROS CONHECIDOS OU AVISADOS  NA MODALIDADE DE PAGAMENTO POR PACOTE,20755730461.0,27
EVENTOS/ SINISTROS CONHECIDOS OU AVISADOS  POR RATEIO DE CUSTOS DE RECURSOS PRÓPRIOS,16762802977.0,26
Provisão para Eventos/Sinistros Ocorridos e Não Avisados (PEONA) - Outros Prestadores,14350103332.0,66
Provisão para Eventos/Sinistros Ocorridos e Não Avisados (PEONA),12991784546.0,49
Provisão de Eventos/Sinistros a Liquidar para Outros Prestadores de Serviços Assistenciais,11819154062.0,107
EVENTOS/ SINISTROS CONHECIDOS OU AVISADOS -  REEMBOLSO,8439622346.0,64
Despesas com Eventos / Sinistros na modalidade de pagamento por procedimento,7635998908.0,283
EVENTOS/ SINISTROS CONHECIDOS OU AVISADOS PRESTADOS POR REDE INDIRETA,7289806295.0,17
Variação da Provisão de Eventos/Sinistros Ocorridos e Não Avisados de Assistência Médico-Hospitalar,6406305771.0,46
VARIAÇÃO DA PROVISÃO DE EVENTOS/SINISTROS OCORRIDOS E NÃO AVISADOS DE ASSISTÊNCIA MÉDICO-HOSPITALAR,3204963678.0,19
VARIAÇÃO DA PROVISÃO DE EVENTOS/SINISTROS OCORRIDOS E NÃO AVISADOS,3198234332.0,27
VARIAÇÃO DA PROVISÃO DE EVENTOS/SINISTROS OCORRIDOS E NÃO AVISADOS DE ASSISTÊNCIA A SAÚDE,3198234332.0,27
EVENTOS/ SINISTROS CONHECIDOS OU AVISADOS  NA MODALIDADE DE PAGAMENTO POR CAPITATION,3137291058.0,18
Despesas com Eventos/Sinistros - Judicial,2342452541.0,305
DESPESAS COM OPERAÇÕES DE ASSISTÊNCIA A SAÚDE,1314182926.0,68
EVENTOS/ SINISTROS CONHECIDOS OU AVISADOS EM OUTRAS FORMAS DE PAGAMENTO,1274364474.0,4
DESPESAS COM OPERAÇÕES DE ASSISTÊNCIA MÉDICO-HOSPITALAR,893041635.0,50
EVENTOS/ SINISTROS CONHECIDOS OU AVISADOS  NA MODALIDADE DE PAGAMENTO POR ORÇAMENTO GLOBAL,878500445.0,7
OUTRAS DESPESAS DE OPERAÇÕES DE PLANOS DE ASSISTÊNCIA A SAÚDE,227148352.0,120
OUTRAS DESPESAS DE OPERAÇÕES DE PLANOS DE ASSISTÊNCIA MÉDICO-HOSPITALAR,167653073.0,98
Provisão de Eventos/Sinistros a Liquidar para o SUS,76780028.0,33
Provisão para Eventos/Sinistros Ocorridos e Não Avisados (PEONA) - SUS,30936176.0,37
Provisão de Eventos/Sinistros a Liquidar para o SUS - Parcelamento,17758999.0,17
Provisão de Eventos/Sinistros a Liquidar para o SUS - GRU,16470952.0,17
Provisão de Eventos/Sinistros a Liquidar para o SUS - Ação Judicial com Depósito Judicial,13028280.0,7
EVENTOS/ SINISTROS CONHECIDOS OU AVISADOS NO SISTEMA ÚNICO DE SAÚDE - SUS,12716026.0,26
Provisão de Eventos /Sinistros a Liquidar para o SUS  ( %  hc x ABI),6258961.0,17
Despesas com Eventos/Sinistros não cobertos,5730236.0,33
Despesas com Eventos / Sinistros ,3107924.0,27
Variação da Provisão de Eventos/Sinistros Ocorridos e Não Avisados de Assistência Odontológica,1120902.0,14
VARIAÇÃO DA PROVISÃO DE EVENTOS/SINISTROS OCORRIDOS E NÃO AVISADOS DE ASSISTÊNCIA ODONTOLÓGICA,560451.0,7
