REG_ANS,RAZAO_SOCIAL,gasto_1T2024,gasto_2T2024,gasto_3T2024,gasto_4T2024,gasto_total
304701,UNIMED CURITIBA - SOCIEDADE COOPERATIVA DE MÉDICOS,-8608.0,40693304.0,68062077.0,2136385116.0,2247474684.0
323080,GEAP AUTOGESTÃO EM SAÚDE,6602658.0,1357605615.0,59633.0,3374.0,1364149222.0
352331,CAIXA BENEFICENTE DOS FUNCIONARIOS DO BANCO DO ESTADO DE SÃO PAULO,750.0,2387235.0,826839537.0,-750.0,826839537.0
355721,UNIMED DE SANTOS COOP DE TRAB MEDICO,225970.0,73429.0,34299032.0,784141831.0,784141831.0
368253,HAPVIDA ASSISTENCIA MEDICA S.A.,464459868.0,249779630.0,3574716.0,107974.0,716906500.0
319996,UNIMED DO ESTADO DE SÃO PAULO - FEDERAÇÃO ESTADUAL DAS COOP. MÉDICAS,5918.0,16226.0,-177681.0,631759870.0,631582189.0
352501,UNIMED PORTO ALEGRE - COOPERATIVA MÉDICA LTDA.,162080.0,766493.0,19556542.0,528334644.0,547042724.0
417505,CEMIG SAÚDE,0.0,0.0,355469635.0,527510211.0,527510211.0
301949,OPERADORA SEM NOME,86.0,-5000.0,508211775.0,-15449842.0,492757189.0
342033,SAMP ESPIRITO SANTO ASSISTENCIA MEDICA SA,1368345.0,13997908.0,491213373.0,833191.0,491213373.0
343889,UNIMED BELO HORIZONTE COOPERATIVA DE TRABALHO MÉDICO,8735127.0,43277013.0,441576517.0,23397425.0,482909664.0
303623,CENTRO TRASMONTANO DE SAO PAULO,96000000.0,322629287.0,330000000.0,450000000.0,450000000.0
353353,UNIMED TERESINA - COOPERATIVA DE TRABALHO MÉDICO,32534314.0,270.0,590.0,354827959.0,387362363.0
302953,UNIMED DE MACAÉ COOPERATIVA DE ASSISTÊNCIA À SAÚDE,573392.0,417321.0,5908661.0,381963677.0,381963677.0
339954,FUNDAÇÃO SÃO FRANCISCO XAVIER,5984484.0,-171282.0,4100.0,352150730.0,357955732.0
354066,UNIMED UBERABA COOPERATIVA DE TRABALHO MEDICO LTDA.,-11040163.0,66981383.0,-1800.0,355611120.0,355611120.0
311847,UNIMED REGIONAL DA BAIXA MOGIANA - COOPERATIVA DE TRABALHO MÉDICO,9200.0,59435731.0,79329144.0,257740843.0,305062116.0
360449,UNIMED GRANDE FLORIANÓPOLIS-COOPERATIVA DE TRABALHO MEDICO,-49815764.0,296997497.0,-5163357.0,7170728.0,304101921.0
340782,CLINIPAM CLINICA PARANAENSE DE ASSISTENCIA MEDICA LTDA,1338926.0,-18192842.0,157607446.0,159853893.0,300605748.0
357391,UNIMED VITORIA COOPERATIVA DE TRABALHO MEDICO,7348269.0,84560871.0,276093305.0,-1386.0,283441718.0
331317,REAL GRANDEZA - FUNDAÇÃO DE PREVIDÊNCIA E ASSISTÊNCIA SOCIAL,0.0,0.0,656753.0,273789641.0,274429533.0
343269,UNIMED DE LONDRINA COOPERATIVA DE TRABALHO MÉDICO,16030330.0,242697402.0,-3797.0,11951626.0,265782464.0
334561,UNIMED BLUMENAU - COOPERATIVA DE TRABALHO MEDICO,652708.0,169722902.0,1048723.0,171844085.0,258409123.0
321044,UNIMED JOAO PESSOA - COOPERATIVA DE TRABALHO MÉDICO,0.0,0.0,400.0,232072042.0,232072042.0
327689,UNIMED MACEIO COOPERATIVA DE TRABALHO MÉDICO,-189124.0,14605.0,2227522.0,228750300.0,228760242.0
343731,UNIMED-SÃO GONÇALO - NITERÓI - SOC.COOP.SERV.MED E HOSP LTDA,32086377.0,198961757.0,2034586.0,-1155565.0,200356996.0
339679,UNIMED CNU - COOPERATIVA CENTRAL,1430.0,195304883.0,3004468.0,21805.0,198301705.0
000582,PORTO SEGURO - SEGURO SAÚDE S/A,185104632.0,1850.0,8038280.0,1686272.0,186790754.0
344885,UNIMED RECIFE COOPERATIVA DE TRABALHO MÉDICO,175645741.0,0.0,0.0,4268643.0,179914384.0
342084,UNIMED CUIABA COOPERATIVA DE TRABALHO MÉDICO,245936.0,80819.0,167597114.0,10572005.0,178221997.0
331872,UNIMED SAO JOSE DOS CAMPOS - COOPERATIVA DE TRABALHO MEDICO,145098.0,346850.0,171333479.0,-2306188.0,168674023.0
340952,UNIMED CARUARU-COOPERATIVA DE TRABALHO MEDICO,18700.0,34670.0,475753.0,163877486.0,164384719.0
326305,AMIL ASSISTÊNCIA MÉDICA INTERNACIONAL S.A.,178500717.0,-7350402.0,1890.0,-14833189.0,156315456.0
344362,OPERADORA SEM NOME,6226.0,1076.0,151568467.0,6453162.0,151573617.0
312720,UNIMED DO ESTADO DO PARANÁ FEDERAÇÃO ESTADUAL DAS COOPERATIVAS MÉDICAS,23003634.0,1495963.0,62266751.0,56894482.0,143610003.0
406554,ASSOCIAÇÃO ADVENTISTA NORTE BRASILEIRA DE PREVENÇÃO E ASSISTÊNCIA A SAÚDE,0.0,-964352.0,0.0,143534777.0,143534777.0
306886,UNIMED JUIZ DE FORA COOPERATIVA DE TRABALHO MÉDICO LTDA,49496143.0,118565038.0,2056514.0,-8487566.0,142456744.0
421928,ALICE OPERADORA LTDA.,888990.0,61453.0,0.0,140486748.0,141397521.0
307319,CAIXA DE ASSISTÊNCIA DOS EMPREGADOS DO BANCO DO ESTADO DO RIO GRANDE DO SUL,222573.0,117167005.0,-350.0,11493222.0,111457853.0
353060,UNIMED PATOS DE MINAS COOPERATIVA TRABALHO MÉDICO LTDA.,12888.0,106006447.0,3055443.0,3926.0,106050226.0
414310,SAÚDE BRB - CAIXA DE ASSISTÊNCIA ,103937.0,22624.0,22624.0,105472289.0,105562491.0
325571,UNIMED SERRA GAUCHA/RS COOPERATIVA DE ASSISTENCIA A SAUDE LTDA,-184601.0,-3949872.0,61655034.0,47995524.0,105516085.0
328294,UNIMED NORDESTE PAULISTA - FED. INTRAFEDERATIVA DAS COOP. MÉDICAS,-54630.0,2420.0,1737504.0,101688329.0,101688329.0
395480,ESMALE ASSISTENCIA INTERNACIONAL DE SAUDE LTDA.,0.0,0.0,0.0,101599839.0,101599839.0
422339,LEVE SAUDE OPERADORA DE PLANOS DE SAUDE S.A,-45830.0,-74760.0,-55185.0,96579981.0,96546106.0
416568,ASSOCIAÇÃO DE ASSISTÊNCIA À SAÚDE DOS EMPREGADOS DA COPASA,0.0,6911920.0,89225565.0,-39804.0,96097681.0
382540,ASSOCIAÇÃO BENEFICENTE DOS PROFESSORES PÚBLICOS ATIVOS E INATIVOS DO RIO DE JANEIRO - APPAI,0.0,0.0,0.0,94609982.0,94609982.0
418374,LUMINAR SAÚDE - ASSOCIAÇÃO DE ASSISTÊNCIA À SAÚDE,414691.0,8892.0,116197.0,88675326.0,89081125.0
342556,ASSOCIAÇÃO DR. BARTHOLOMEU TACCHINI,30195.0,59101.0,47551977.0,38845304.0,86485734.0
316873,CAIXA DE ASSISTENCIA A SAUDE DA UNIVERSIDADE,0.0,0.0,84077281.0,0.0,84077281.0
322571,UNIMED GUARAPUAVA COOPERATIVA DE TRABALHO MÉDICO,25873580.0,5813171.0,83514917.0,-766605.0,83514917.0
351202,UNIMED DE RIBEIRAO PRETO - COOPERATIVA DE TRABALHO MÉDICO,97179.0,1311879.0,81595280.0,52217.0,82974095.0
359661,OMINT SERVIÇOS DE SAÚDE S.A.,578662.0,44180827.0,39849187.0,7379.0,82950206.0
352314,UNIMED JOÃO MONLEVADE COOPERATIVA DE TRABALHO MÉDICO LTDA.,-17886.0,151180.0,-6853.0,82302214.0,82302214.0
317144,UNIMED DE FORTALEZA SOCIEDADE COOPERATIVA MÉDICA LTDA.,61874502.0,15280564.0,1647456.0,-2760.0,78487071.0
419141,ASSOCIAÇÃO SÃO FRANCISCO VIDA,0.0,0.0,71751008.0,0.0,71751008.0
336106,UNIMED DE MARILIA COOPERATIVA DE TRABALHO MÉDICO,684490.0,909242.0,323463.0,71458295.0,71717113.0
369292,UNIMED DE SANTA BÁRBARA D'OESTE E AMERICANA - COOP DE TRABALHO MÉDICO,260607.0,6143721.0,2588366.0,59771114.0,68762238.0
420077,"SERVIÇO SOCIAL DA INDÚSTRIA DO PAPEL, PAPELÃO E CORTIÇA DO ESTADO DE SÃO PAULO - SEPACO",68111853.0,0.0,0.0,0.0,68111853.0
337668,UNIMED SERGIPE - COOPERATIVA DE TRABALHO MÉDICO,61170662.0,802537.0,-1593.0,-7533.0,61966559.0
306398,UNIMED - COOPERATIVA DE SERVIÇOS DE SAÚDE DOS VALES DO TAQUARI E RIO PARDO LTDA.,135839.0,51089219.0,25662010.0,22278074.0,60997987.0
322831,UNIMED ITAJUBA COOPERATIVA DE TRABALHO MEDICO,46158.0,20819195.0,57944093.0,1792494.0,59733544.0
354031,UNIMED SÃO CARLOS - COOPERATIVA DE TRABALHO MÉDICO,55.0,246892.0,58841725.0,1000.0,59087372.0
343676,SAMOC S.A. - SOCIEDADE ASSISTENCIAL MÉDICA E ODONTO CIRÚRGICA,0.0,0.0,0.0,59066264.0,59066264.0
346276,UNIMED SALTO/ITU - COOPERATIVA MÉDICA,-97721.0,1692522.0,-8555.0,56158057.0,57854064.0
316881,UNIMED TEOFILO OTONI COOPERATIVA DE TRABALHO MÉDICO,0.0,55255808.0,371324.0,24611657.0,55255808.0
382876,UNIMED GOIANIA COOPERATIVA DE TRABALHO MÉDICO,292404.0,-241.0,53096142.0,0.0,53098238.0
005711,BRADESCO SAÚDE S.A.,0.0,0.0,50608100.0,0.0,50608100.0
417661,CAIXA DE ASSISTÊNCIA À SAÚDE DO SINDICATO DOS FUNCIONÁRIOS INTEGRANTES DO GRUPO OCUPACIONAL ADMINISTRAÇÃO TRIBUTÁRIA DO ESTADO DE PERNAMBUCO,419719.0,377520.0,48830131.0,760624.0,49246634.0
367087,COOPERATIVA CENTRAL UNIMED DE COOPERATIVAS DE ASSISTÊNCIA À SAÚDE DO RIO GRANDE DO SUL LTDA.,40736471.0,293170.0,271439.0,7579225.0,48885429.0
306126,UNIMED DE RIO CLARO SP COOPERATIVA DE TRABALHO MEDICO,676038.0,6717658.0,43734458.0,756088.0,48165837.0
317896,UNIMED VERTENTE DO CAPARAÓ - COOPERATIVA DE TRABALHO MÉDICO LTDA,-41.0,-162333.0,-113697.0,46481871.0,46481871.0
359289,UNIMED VALE DO AÇO COOPERATIVA DE TRABALHO MÉDICO,262373.0,1095861.0,43422182.0,714404.0,44457893.0
357511,HUMANA SAÚDE NORDESTE LTDA. ,154084.0,36353709.0,7533982.0,-26.0,44042890.0
351407,UNIMED DE CATANDUVA - COOPERATIVA DE TRABALHO MÉDICO,3064120.0,7967017.0,1252229.0,42046721.0,43601382.0
419150,ASSOCIAÇÃO MAIS SAÚDE SANTA CASA DE SÃO JOÃO DA BOA VISTA,-2230.0,-4267.0,43322680.0,0.0,43322680.0
337188,COOPERATIVA DE TRABALHO MÉDICO DE POUSO ALEGRE,5761551.0,114253.0,36414050.0,-120.0,42289854.0
355097,SANTA HELENA ASSISTÊNCIA MÉDICA S/A.,23968.0,-1429.0,41324782.0,0.0,41348650.0
304395,UNIMED INCONFIDENTES COOPERATIVA DE TRABALHO MÉDICO LTDA.,-159591.0,8018671.0,32289256.0,114069.0,40243608.0
315044,FUNDAÇÃO CELESC DE SEGURIDADE SOCIAL - CELOS,-489685.0,0.0,0.0,40583456.0,40093771.0
312126,FUNDAÇÃO SAÚDE ITAÚ,2392941.0,14658098.0,39524206.0,39524206.0,39577795.0
335479,UNIMED NOVA FRIBURGO-SOC.COOP.SERV.MED.HOSP.LTDA.,260135.0,43556.0,39734.0,39267557.0,39546842.0
328073,OPERADORA SEM NOME,726228.0,2944016.0,39232997.0,216240.0,39232997.0
354783,UNIMED FRANCA - SOCIEDADE COOPERATIVA DE SERVIÇOS MÉDICOS E HOSPITALARES,10070815.0,27926714.0,42178.0,563840.0,38517395.0
406945,ASSOCIAÇÃO POLICIAL DE ASSISTÊNCIA À SAÚDE DE BAURU,0.0,0.0,38425891.0,0.0,38425891.0
318035,UNIMED GUAXUPÉ COOPERATIVA DE TRABALHO MEDICO,3657.0,1810990.0,35548972.0,5790.0,35548972.0
419052,AMAZÔNIA PLANOS DE SAÚDE LTDA,-165511.0,-374932.0,35016379.0,-811374.0,34774209.0
325236,ASSISTÊNCIA MÉDICA SÃO MIGUEL LTDA,0.0,34490435.0,153132.0,388694.0,34490435.0
335215,UNIMED ARARUAMA COOPERATIVA DE TRABALHO MÉDICO LTDA,-90834.0,27002922.0,180886.0,6391960.0,33575717.0
361461,VIVACOM PLANOS DE SAÚDE,491747.0,33566026.0,-20790.0,-21320.0,33566026.0
333051,UNIMED DE GUARULHOS COOPERATIVA DE TRABALHO MÉDICO,47687.0,1750.0,166936.0,32802399.0,33013522.0
352543,UNIMED MARANHÃO DO SUL - COOPERATIVA DE TRABALHO MÉDICO,715976.0,1778383.0,105.0,30194345.0,32684399.0
335517,UNIMED ITABIRA COOPERATIVA DE TRABALHO MÉDICO,0.0,0.0,0.0,32350629.0,32350629.0
312347,UNIMED ANÁPOLIS COOPERATIVA DE TRABALHO MÉDICO.,-85.0,23226352.0,4969094.0,3705868.0,32329854.0
369411,UNIMED DE ARACATUBA - COOPERATIVA DE TRABALHO MÉDICO,24795845.0,337135.0,-272485.0,7835957.0,32329709.0
304344,UNIMED PARÁ DE MINAS COOPERATIVA DE TRABALHO MÉDICO LTDA.,955721.0,22616.0,-354739.0,30963339.0,31499571.0
318299,BENEFICENCIA CAMILIANA DO SUL,30479853.0,141.0,420.0,420.0,30479753.0
310239,PESSOAL SAÚDE PLANOS DE ASSISTÊNCIA MÉDICA LTDA,0.0,11551331.0,0.0,29732291.0,29732291.0
345598,UNIMED AMPARO COOPERATIVA DE TRABALHO MÉDICO,6372819.0,5685543.0,17731248.0,2363.0,29588742.0
422029,KLINI PLANOS DE SAÚDE LTDA,29693186.0,-61114.0,-101724.0,-160310.0,29558376.0
422827,TRINO - ALIANCA FILANTRÓPICA DE ASSISTÊNCIA E INTEGRAÇÃO PARA O DESENVOLVIMENTO DA SAUDE,0.0,0.0,0.0,29153454.0,29153454.0
346951,UNIMED CAÇADOR COOPERATIVA DE TRABALHO MÉDICO DA REGIÃO DO CONTESTADO,0.0,0.0,0.0,27227369.0,27227369.0
418803,ASSOCIAÇÃO SANTA CASA SAÚDE DE ARAÇATUBA,156619.0,0.0,26955099.0,-10680.0,27105370.0
347507,UNIMED CENTRO RONDÔNIA COOPERATIVA DE TRABALHO MÉDICO,5368917.0,22027109.0,620355.0,-1174996.0,27053512.0
334154,UNIMED DE CAÇAPAVA - COOPERATIVA DE TRABALHO MEDICO,7246679.0,8689651.0,44341.0,17588990.0,26336735.0
321338,OPERADORA SEM NOME,0.0,15309838.0,26022798.0,2514400.0,26022798.0
303356,UNIMED LITORAL COOPERATIVA DE TRABALHO MÉDICO LTDA,-104354.0,11708408.0,4281.0,14356752.0,25955512.0
315796,UNIMED DE PRESIDENTE PRUDENTE COOPERATIVA DE TRAB. MÉDICO,-541521.0,9919284.0,16126158.0,28810.0,25473271.0
410292,FUNDACAO LEONOR DE BARROS CAMARGO,0.0,0.0,0.0,25019986.0,25019986.0
368148,UNIMED MURIAÉ COOPERATIVA DE TRABALHO MEDICO LTDA,168.0,0.0,786590.0,23493289.0,24280047.0
340251,UNIMED EXTREMO OESTE CATARINENSE COOPERATIVA DE TRABALHO MÉDICO,65507.0,6528.0,383306.0,23118448.0,23471144.0
314099,UNIMED VALE DO SEPOTUBA - COOPERATIVA DE TRABALHO MÉDICO,13180681.0,18995671.0,953685.0,8992725.0,22973725.0
320820,CAIXA DE ASSISTÊNCIA SISTEMA SAÚDE INTEGRAL-SSI SAUDE,0.0,22514117.0,0.0,0.0,22514117.0
333662,UNIMED DE DOURADOS COOPERATIVA DE TRABALHO MÉDICO LTDA,6296218.0,14804864.0,-6300.0,1186315.0,22360137.0
342611,ECONOMUS INSTITUTO DE SEGURIDADE SOCIAL,6841383.0,0.0,8507883.0,13561119.0,20402502.0
320510,ATÍVIA SERVIÇOS DE SAÚDE S/A,0.0,0.0,19338160.0,934036.0,20272196.0
379956,CARE PLUS MEDICINA ASSISTENCIAL LTDA.,20110535.0,0.0,0.0,0.0,20110535.0
348180,HUMANA SAÚDE LTDA.,1250330.0,24461.0,-10035.0,18682866.0,19937726.0
362140,UNIMED OESTE DO PARÁ - COOPERATIVA DE TRABALHO MÉDICO,6308242.0,0.0,13150290.0,0.0,19458532.0
306100,UNIMED REGIONAL DE CAMPO MOURÃO COOP TRAB MEDICO ,-164.0,-164.0,-437.0,19347247.0,19347083.0
421197,SANTA CASA DE MAUÁ SAÚDE,19339563.0,0.0,0.0,0.0,19339563.0
364312,UNIMED DE ARARAQUARA - COOP. DE TRAB. MÉDICO,0.0,19324722.0,0.0,0.0,19324722.0
410128,ASSOCIAÇÃO POLICIAL DE ASSISTÊNCIA À SAÚDE,0.0,18526614.0,0.0,0.0,18526614.0
413518,CAIXA DE ASSISTÊNCIA DO SINDFISCO - CASSIND,0.0,0.0,0.0,18506454.0,18506454.0
393321,UNIMED-RIO COOPERATIVA DE TRABALHO MEDICO DO RIO DE JANEIRO,18243301.0,0.0,0.0,0.0,18243301.0
313751,UNIODONTO DE SÃO JOSÉ DOS CAMPOS COOPERATIVA DE TRABALHO ODONTOLÓGICO,0.0,18133900.0,0.0,0.0,18133900.0
309087,UNIMED BARBACENA - COOPERATIVA DE TRABALHO MÉDICO LTDA,17721790.0,43252.0,385.0,367.0,17721790.0
364584,UNIMED DE VOLTA REDONDA COOPERATIVA DE TRABALHO MÉDICO,7789764.0,5406302.0,24125.0,4115701.0,17291537.0
410608,ASSOCIACAO POLICIAL DE ASSISTENCIA A SAUDE DE PRESIDENTE PRUDENTE (APAS),0.0,0.0,0.0,17276598.0,17276598.0
416738,OESTE SAÚDE ASSISTÊNCIA A SAÚDE SUPLEMENTAR S.A,260400.0,-60.0,16477841.0,-60.0,16738241.0
335690,UNIMED CAMPINAS - COOPERATIVA DE TRABALHO MÉDICO,-2122.0,16999239.0,-474851.0,24989.0,16505209.0
415936,PLANO ODONTOLÓGICO DENTALVIDAS LTDA.,2070.0,16311396.0,13085.0,9640.0,16321016.0
335100,UNIMED SAO JOSÉ DO RIO PRETO - COOP. DE TRABALHO MÉDICO,19694529.0,250.0,39218.0,-3536277.0,16119862.0
336831,IRMANDADE SANTA CASA DE MISERICÓRDIA DE MARINGÁ,15617945.0,-27068.0,-37734.0,-25894.0,15596540.0
380661,METRUS INSTITUTO DE SEGURIDADE SOCIAL,-5863.0,230.0,230.0,15503612.0,15497519.0
369659,UNIMED DE BAURU COOPERATIVA DE TRABALHO MÉDICO,118768.0,2425682.0,3327142.0,9611766.0,15285238.0
311618,UNIMED MISSÕES/RS - COOPERATIVA DE ASSISTÊNCIA À SAÚDE LTDA.,-449857.0,-119206.0,12958009.0,1177798.0,15179594.0
346870,OPERADORA SEM NOME,-25565.0,-42980.0,15176797.0,-41855.0,15176797.0
342131,UNIMED VILHENA - COOPERATIVA DE TRABALHO MEDICO LTDA,4290.0,13678204.0,1281448.0,17630.0,14959722.0
371629,UNIMED NOROESTE CAPIXABA COOPERATIVA DE TRABALHO MÉDICO.,914375.0,0.0,14010900.0,0.0,14925275.0
411256,PLANO HOSPITAL SAMARITANO LTDA,-151462.0,14858033.0,0.0,0.0,14706571.0
366064,UNIMED NORTE PIONEIRO - COOPERATIVA DE TRABALHO MÉDICO,14657049.0,325063.0,683815.0,-11954.0,14657049.0
415014,UNIMED OS BANDEIRANTES COOPERATIVA DE TRABALHO MÉDICO,9976905.0,1480.0,4993582.0,21935.0,13899804.0
418731,ASSOCIAÇÃO DE SAÚDE DOS FORNECEDORES DE CANA DE PIRACICABA E REGIÃO,13791469.0,-1723.0,0.0,0.0,13791469.0
318213,COOPERATIVA DE TRABALHO MEDICO REGIÃO DO PLANALTO SERRANO,5074293.0,7310554.0,510736.0,673034.0,13694333.0
385620,UNIMED DE LORENA COOPERATIVA DE TRABALHO MÉDICO,-50016.0,-4260.0,1933864.0,11786163.0,13648937.0
357138,UNIMED CENTRO OESTE PAULISTA - FEDERAÇÃO INTRAFEDERATIVA DAS COOPERATIVAS MÉDICAS,13629629.0,-427277.0,0.0,0.0,13629629.0
361593,UNIODONTO PAULISTA-FEDERAÇÃO DAS COOPERATIVAS ODONTOLÓGICAS DO ESTADO DE SÃO PAULO,0.0,0.0,0.0,12539756.0,12539756.0
311472,CEAM BRASIL - PLANOS DE SAÚDE LTDA,0.0,8687267.0,3818127.0,0.0,12505394.0
303739,SERMED-SAÚDE LTDA.,-35362.0,-28875.0,12518730.0,19351.0,12458033.0
422584,PB ASSISTENCIA MEDICA EU LTDA,0.0,37898.0,144928.0,12406294.0,12406294.0
301744,UNIMED MEIO OESTE CATARINENSE COOPERATIVA DE TRABALHO MÉDICO,-564453.0,-70543.0,1740581.0,11006513.0,12106144.0
417297,ELOSAÚDE - ASSOCIAÇÃO DE ASSISTÊNCIA À SAÚDE,-336074.0,14272954.0,-1916648.0,-762506.0,12020029.0
384577,UNIMED UBERLÂNDIA COOPERATIVA REGIONAL TRABALHO MÉDICO LTDA,-70668.0,-322.0,830.0,12080326.0,12009336.0
302147,PREVENT SENIOR PRIVATE OPERADORA DE SAÚDE LTDA,0.0,0.0,12284984.0,-282509.0,12002475.0
300136,UNIMED LITORAL SUL/RS - COOPERATIVA DE ASSISTÊNCIA À SAÚDE LTDA.,9583061.0,128127.0,2222927.0,8839.0,11948071.0
353264,SANTA CASA DE MISERICORDIA HOSPITAL SÃO VICENTE,0.0,11759423.0,75.0,-48817.0,11759423.0
347108,UNIMED DE BARRETOS COOPERATIVA DE TRABALHO MÉDICO,763192.0,3374878.0,-650.0,7214201.0,11352921.0
325031,UNIMED DE LENÇOIS PAULISTA - COOPERATIVA DE TRABALHO MÉDICO,5532370.0,11079868.0,0.0,0.0,11079868.0
319180,SÃO DOMINGOS SAÚDE- ASSISTÊNCIA MÉDICA  LTDA,-1700.0,0.0,0.0,11022708.0,11021008.0
348261,UNIMED ALTO SÃO FRANCISCO COOPERATIVA DE TRABALHO MÉDICO,10951955.0,-7248.0,-4177.0,1206749.0,10951955.0
412295,CAIXA DE ASSISTÊNCIA À SAUDE DOS EMPREGADOS DA CODEVASF - CASEC,10685430.0,0.0,0.0,0.0,10685430.0
413160,GS PLANO GLOBAL DE SAÚDE LTDA,10590282.0,1500.0,2230.0,3230.0,10590282.0
303976,UNIMED BELÉM COOPERATIVA DE TRABALHO MÉDICO,10571914.0,387580.0,391130.0,392034.0,10576368.0
318388,UNIMED DE SÃO ROQUE - COOPERATIVA DE TRABALHO MÉDICO,3001125.0,428.0,2058869.0,5464465.0,10524765.0
358096,UNIMED APUCARANA COOPERATIVA DE TRABALHO MÉDICO,1755779.0,8579320.0,0.0,0.0,10335099.0
312851,UNIMED CAMPO GRANDE MS COOPERATIVA DE TRABALHO MÉDICO,2291251.0,9447917.0,46517.0,-1777402.0,9805819.0
343684,UNIMED ALTO DA SERRA - SOCIEDADE COOPERATIVA DE SERVIÇO MÉDICO LTDA.,5019.0,6706.0,-50772.0,9801824.0,9753460.0
342343,UNIMED DE PINDAMONHANGABA - COOPERATIVA TRABALHO MEDICO,54809.0,147500.0,6327904.0,3100224.0,9636477.0
306762,UNIMED REGIONAL JAU - COOPERATIVA DE TRABALHO MÉDICO,50689.0,-28316.0,8926904.0,340359.0,9625808.0
347825,CAIXA ASSISTENCIAL UNIVERSITARIA DO RIO DE JANEIRO,0.0,9399324.0,0.0,0.0,9399324.0
371254,UNIMED REGIONAL MARINGÁ COOP.DE TRABALHO MÉDICO,19436.0,8951260.0,267448.0,-23823.0,9398798.0
349712,UNIMED PONTA GROSSA COOPERATIVA DE TRABALHO MEDICO,8036950.0,11338.0,19938.0,1259401.0,9319408.0
388092,ASSOCIAÇÃO DOS FUNCIONÁRIOS FISCAIS DO ESTADO DO AMAZONAS - AFFEAM,0.0,0.0,9180834.0,0.0,9180834.0
359777,UNIMED RONDONOPOLIS COOPERATIVA DE TRABALHO MÉDICO LTDA,3333036.0,9241358.0,663241.0,-13744.0,9009644.0
304531,AME-ASSISTÊNCIA MÉDICA A EMPRESAS LTDA,0.0,0.0,6760964.0,8906386.0,8906386.0
354279,UNIMED DE LINS - COOPERATIVA DE TRABALHOS MÉDICOS,-213066.0,8992909.0,5702410.0,111419.0,8875486.0
358088,UNIMED LESTE PAULISTA COOPERATIVA DE TRABALHO MÉDICO,123644.0,-15278.0,-876.0,8730703.0,8839353.0
323357,UNIMED CABO FRIO COOPERATIVA TRABALHO MÉDICO LTDA.,198856.0,33468.0,0.0,8580856.0,8813180.0
389358,CARE PLUS ODONTOLOGIA ASSISTENCIAL LTDA.,-170.0,-170.0,8962124.0,-385709.0,8576245.0
358436,UNIODONTO GOIANIA COOPERATIVA DE CIRURGIÕES DENTISTAS,0.0,8489366.0,0.0,0.0,8489366.0
345458,UNIMED LAVRAS COOPERATIVA DE TRABALHO MÉDICO,211292.0,8275.0,8420424.0,2159381.0,8433623.0
327638,UNIMED SÃO JOÃO NEPOMUCENO COOPERATIVA DE TRABALHO MÉDICO LTDA.,-128178.0,8397975.0,-1915.0,4743.0,8397975.0
333867,ASSOCIAÇAO UNISAUDE MARAU,9648.0,0.0,8372164.0,0.0,8381812.0
413429,UNIDENTIS ASSISTENCIA ODONTOLOGICA LTDA.,0.0,8312382.0,0.0,0.0,8312382.0
357715,UNIMED DE MINEIROS COOPERATIVA DE TRABALHO MÉDICO ,-189069.0,20750.0,8419131.0,3622.0,8252188.0
327352,UNIMED SÃO SEBASTIÃO DO PARAÍSO COOPERATIVA DE TRABALHO MÉDICO,276924.0,7245532.0,79430.0,796691.0,8216532.0
367613,UNIMED CAMPO BELO- COOPERATIVA DE TRABALHO MÉDICO,38736.0,95345.0,8215470.0,3336717.0,8215470.0
353698,UNIMED REGIÃO DA PRODUÇÃO/RS - COOPERATIVA DE ASSISTÊNCIA À SAÚDE LTDA,604092.0,23299.0,32512.0,7611841.0,8201541.0
360783,ASSOCIACAO DE SAUDE HOLAMBRA,0.0,0.0,7813568.0,0.0,7813568.0
421359,RIO DOCE SAÚDE,1395.0,7763515.0,9615.0,52091.0,7810321.0
348520,NOTRE DAME INTERMÉDICA MINAS GERAIS SAÚDE S.A.,-9656.0,-10556.0,-6826.0,7490919.0,7492329.0
419699,OPERADORA DE PLANOS PRIVADOS DE SAÚDE - SANTA CASA SAÚDE LTDA,6910537.0,3600.0,5796.0,0.0,6910537.0
000515,ALLIANZ SAÚDE S/A,0.0,6811014.0,0.0,0.0,6811014.0
355577,UNIMED DE GUARATINGUETA-COOPERATIVA DE TRABALHO MÉDICO,10282.0,-236560.0,6787416.0,0.0,6797698.0
347655,IRMANDADE DA SANTA CASA DE MISERICÓRDIA DE RIO CLARO,150243.0,136148.0,6601145.0,2054.0,6693893.0
417211,ASSOCIAÇÃO MINEIRA DE ASSISTÊNCIA À SAÚDE DOS MEMBROS DO MINISTÉRIO PÚBLICO,0.0,0.0,6663851.0,0.0,6663851.0
359033,UNIMED TRÊS CORAÇÕES COOPERATIVA DE TRABALHO MÉDICO LTDA.,0.0,-22899.0,6629022.0,-21034.0,6627673.0
370975,UNIMED VALE DO JAURU COOPERATIVA DE TRABALHO MÉDICO,868729.0,1337189.0,5279077.0,100723.0,6616266.0
334847,UNIMED DE JATAÍ COOPERATIVA DE TRABALHO MÉDICO LTDA.,1036340.0,13009.0,5486200.0,236608.0,6515261.0
352179,UNIMED FRONTEIRA NOROESTE/RS - COOPERATIVA DE ASSISTÊNCIA À SAÚDE LTDA.,25419.0,29855.0,524683.0,5975274.0,6469346.0
417815,SUL AMÉRICA ODONTOLÓGICO S/A,6417310.0,0.0,0.0,0.0,6417310.0
330108,UNIMED CURVELO COOPERATIVA DE TRABALHO MÉDICO LTDA.,6825.0,32775.0,700456.0,5774959.0,6387874.0
346209,UNIMED EXTREMO SUL COOPERATIVA DE TRABALHO MÉDICO,146130.0,188540.0,3180519.0,3349561.0,6017325.0
409634,ASSOCIACAO CIVIL PRÓ-SAÚDE DOS SERVIDORES DA UNIVERSIDADE ESTADUAL DE PONTA GROSSA,0.0,0.0,6008203.0,8547750.0,6008203.0
371106,UNIMED COSTA OESTE - COOPERATIVA DE TRABALHO MÉDICO,5351583.0,369811.0,-3166449.0,264808.0,5991608.0
370592,FUNASA SAÚDE,0.0,6405879.0,0.0,-506941.0,5898938.0
328308,UNIMED DE MOCOCA COOPERATIVA DE TRAB. MÉDICO,2420.0,295.0,341.0,5659229.0,5661700.0
408263,ASSOCIAÇÃO POLICIAL DE ASSISTENCIA À SAUDE DE SAO JOAO DA BOA VISTA,0.0,5648789.0,1000.0,1000.0,5649789.0
337374,UNIMED PORTO VELHO - SOCIEDADE COOPERATIVA MÉDICA LTDA,475310.0,5127668.0,34900.0,93379.0,5598276.0
418170,QUALLITY PRÓ SAÚDE PLANO DE ASSISTÊNCIA MÉDICA LTDA.,-67652.0,5461999.0,-100.0,-686.0,5392486.0
330116,SANTA CASA DE MISERICÓRDIA DE VOTUPORANGA,-6402.0,0.0,5020386.0,982643.0,5313402.0
303267,UNIMED JUNDIAI - COOPERATIVA DE TRABALHO MÉDICO,12071.0,723018.0,345.0,4550625.0,5290309.0
307751,FUNDAÇAO COMPESA DE PREVIDENCIA E ASSISTENCIA - COMPESAPREV,3663532.0,0.0,0.0,1460569.0,5124101.0
418587,AMHA SAUDE S/A,7850.0,5100522.0,-1467.0,14080.0,5090325.0
402001,SISTEMA TOTAL DE SAÚDE LTDA.,0.0,5011354.0,0.0,0.0,5011354.0
337871,UNIMED RIO BRANCO COOPERATIVA DE TRABALHO MEDICO LTDA,319650.0,151717.0,4494634.0,24140.0,4947336.0
354562,IRMANDADE DA SANTA CASA DE MISERICÓRDIA DE PIRACICABA,-500.0,0.0,4947155.0,0.0,4946655.0
317012,COOPERATIVA DE TRABALHO MÉDICO DO PLANALTO NORTE DE SANTA CATARINA LTDA,5615.0,107768.0,23523.0,4786757.0,4904432.0
312592,UNIMED NORTE FLUMINENSE COOPERATIVA DE TRABALHO MEDICO,415132.0,-394877.0,-794397.0,4254369.0,4867670.0
311961,UNIMED DE MANAUS COOP. DO TRABALHO MÉDICO LTDA,0.0,0.0,121853.0,4666183.0,4788036.0
334511,UNIMED VALE DO PARAÍBA - FEDERAÇÃO INTRAFEDERATIVA DAS COOPERATIVAS MÉDICAS,4677657.0,0.0,0.0,0.0,4677657.0
314668,ABERTTA SAÚDE - ASSOCIAÇÃO BENEFICENTE DOS EMPREGADOS DA ARCELORMITTAL NO BRASIL,-13343.0,997075.0,3665617.0,-13538.0,4676428.0
314218,ASSOCIAÇÃO DE BENEFICÊNCIA E FILANTROPIA SÃO CRISTOVÃO,51500.0,123640.0,0.0,4525326.0,4648966.0
323055,UNIMED NORTE PAULISTA - COOPERATIVA DE TRABALHO MÉDICO,-622.0,-300.0,4290138.0,392006.0,4636593.0
358053,SELECT OPERADORA DE PLANO DE SAUDE LTDA,0.0,4610795.0,12034.0,-469148.0,4622829.0
370088,UNIMED SÃO LOURENÇO COOPERATIVA DE TRABALHO MÉDICO,22.0,2330233.0,220243.0,2029508.0,4580966.0
316148,UNIMED POÇOS DE CALDAS - SOC. COOP. DE TRAB. E SERVIÇOS MÉDICOS,1289237.0,60068.0,3034465.0,254996.0,4578698.0
310522,PROASA SAÚDE,4436354.0,-660.0,-860.0,-195.0,4435959.0
354627,UNIMED DE CIANORTE - COOPERATIVA DE TRABALHO MEDICO ,678519.0,86507.0,2940417.0,957120.0,4396478.0
420158,ASSOCIAÇÃO PADRE ALBINO SAÚDE,0.0,4343916.0,54.0,-46.0,4343416.0
423203,ASSOCIAÇÃO POLICIAL DE ASSISTÊNCIA À SAÚDE APAS,0.0,0.0,4171680.0,0.0,4171680.0
370070,UNIMED DE CASCAVEL COOPERATIVA DE TRABALHO MÉDICO,4065749.0,8432.0,-13515.0,92778.0,4101899.0
346004,UNIODONTO PIRACICABA - COOPERATIVA ODONTOLÓGICA,4098964.0,0.0,0.0,301561.0,4098964.0
418501,FUNDAÇÃO PLAMHUV - PLANO MÉDICO HOSPITALAR DOS HOSPITAIS UNIDOS DE VIÇOSA,360.0,1035.0,1285.0,3898662.0,3898647.0
348830,PLENA SAÚDE S.A.,-122915.0,-234341.0,4008844.0,-218784.0,3792639.0
319708,UNIMED SANTA MARIA/RS - COOPERATIVA DE ASSISTÊNCIA À SAÚDE LTDA,2353425.0,617348.0,1443611.0,-494239.0,3750950.0
304123,UNIMED DE AVARÉ COOPERATIVA DE TRABALHO MÉDICO,98774.0,-17189.0,3612097.0,1870175.0,3685058.0
320706,UNIMED SUL CAPIXABA COOPERATIVA DE TRABALHO MÉDICO,449470.0,0.0,3232589.0,-5826.0,3676288.0
331341,UNIMED DE BEBEDOURO COOPERATIVA DE TRABALHO MÉDICO,-15989.0,8300.0,2245364.0,1422727.0,3660402.0
343153,UNIMED SOUSA - COOPERATIVA DE TRABALHO MÉDICO,0.0,0.0,3633112.0,2589695.0,3633112.0
407569,ASSOCIAÇÃO POLICIAL DE ASSISTÊNCIA À SAÚDE DE BARRETOS,30950.0,3576712.0,97645.0,138695.0,3576712.0
300713,UNIMED DE ASSIS COOPERATIVA DE TRABALHO MÉDICO,-315.0,-1445.0,1423.0,3537599.0,3536745.0
335541,"UNIMED VALE DAS ANTAS, RS - COOPERATIVA DE ASSISTÊNCIA À SAÚDE LTDA.",3485532.0,133984.0,215.0,-115171.0,3503415.0
337561,UNIMED VALE DO CARANGOLA COOPERATIVA DE TRABALHO MEDICO LTDA,3589868.0,320720.0,3584319.0,-228038.0,3439572.0
305626,PRONTOCLINICA E HOSPITAIS SAO LUCAS S/A,123011.0,76181.0,9230.0,3309799.0,3403369.0
311715,UNIMED ENCOSTA DA SERRA/RS SOCIEDADE COOPERATIVA DE SERVIÇOS DE SAÚDE LTDA.,-1563.0,-2545.0,1621790.0,1667867.0,3289319.0
315478,FUNDAÇÃO CESP,2974275.0,282207.0,0.0,0.0,3256482.0
353027,UNIMED SUL PAULISTA - COOPERATIVA DE TRABALHO MÉDICO,-137426.0,17905.0,4358492.0,-1167684.0,3239179.0
311146,UNIMED COSTA VERDE RJ,0.0,3214760.0,-330.0,-330.0,3214760.0
312321,ODONTO JARAGUÁ LTDA,0.0,0.0,0.0,3123455.0,3123455.0
323268,UNIMED VALE DO SÃO FRANCISCO COOPERATIVA DE TRABALHO MÉDICO,3076384.0,0.0,45300.0,0.0,3121684.0
358282,UNIMED NORTE DO PARANÁ COOPERATIVA REGIONAL DE TRABALHO MÉDICO,4943.0,87977.0,-659076.0,3661099.0,3085813.0
352683,UNIMED DE CAMPOS COOPERATIVA DE TRABALHO MÉDICO,259143.0,-12558.0,-155501.0,2577905.0,3055909.0
342807,SANTA CASA DE MISERICÓRDIA DE JUIZ DE FORA,693662.0,1354035.0,2187750.0,3006532.0,3025384.0
414662,VIVENTERIS LTDA,0.0,0.0,0.0,2976205.0,2976205.0
386901,UNIMED LEOPOLDINA COOPERATIVA DE TRABALHO MÉDICO LTDA,0.0,1350.0,1771397.0,1120701.0,2893420.0
309222,GRUPO HOSPITALAR DO RIO DE JANEIRO LTDA,-306.0,259.0,2883248.0,2504.0,2885503.0
386588,UNIMED GOVERNADOR VALADARES COOP. DE TRABALHO MÉDICO LTDA.,1150.0,2253597.0,16050.0,617100.0,2855047.0
348244,UNIMED DE BRUSQUE COOPERATIVA DE TRABALHO MÉDICO,1471.0,2805484.0,28802.0,28802.0,2804660.0
304468,UNIMED BARRA DO GARÇAS - COOPERATIVA DE TRABALHO MÉDICO,250810.0,2819156.0,6588.0,-270188.0,2793689.0
313084,COOPERATIVA DE TRABALHO MEDICO DE ARAGUAÍNA - UNIMED ARAGUAÍNA,13065.0,2769447.0,26931.0,30874.0,2787485.0
303844,UNIMED DE ANDRADINA - COOPERATIVA DE TRABALHO MÉDICO,1700612.0,467377.0,279806.0,326076.0,2771581.0
422371,SF SISTEMAS DE SAÚDE LTDA,0.0,2731058.0,0.0,0.0,2731058.0
305227,UNIMED OESTE DO PARANA - COOPERATIVA DE TRABALHO MEDICO,-748631.0,2645830.0,1103329.0,-61734.0,2717225.0
417947,ASSOCIAÇÃO DA SANTA CASA SAÚDE DE RIBEIRÃO PRETO,300.0,-129233.0,2757310.0,2756009.0,2623876.0
406937,ASSOCIAÇÃO POLICIAL DE ASSISTÊNCIA À SAÚDE,141350.0,2356197.0,0.0,198827.0,2555024.0
324566,UNIMED DE CATALÃO COOPERATIVA DE TRABALHO MÉDICO,2524052.0,13146.0,12210.0,27210.0,2550867.0
328375,UNIMED REGIÃO DA FRONTEIRA - RS COOPERATIVA DE ASSISTÊNCIA À SAÚDE LTDA.,-1485.0,126407.0,2372079.0,0.0,2497035.0
315729,UNIMED DE PIRACICABA SOCIEDADE COOPERATIVA DE SERVIÇOS MÉDICOS,-19424.0,792443.0,916751.0,738255.0,2472849.0
344397,UNIMED REGIONAL FLUMINENSE COOPERATIVA DE TRABALHO MEDICO LTDA,2112278.0,5600.0,351172.0,-113.0,2465750.0
417131,QUALIDONTO - QUALIDADE EM ODONTOLOGIA LTDA ,0.0,0.0,0.0,2454619.0,2454619.0
411248,ASSOCIAÇÃO POLICIAL DE ASSISTÊNCIA À SAÚDE DE PRESIDENTE VENCESLAU,0.0,2359742.0,0.0,0.0,2359742.0
422070,ELETROS SAÚDE - ASSOCIAÇÃO DE ASSISTÊNCIA À SAÚDE,0.0,2345632.0,0.0,0.0,2345632.0
348295,UNIMED SOROCABA COOPERATIVA DE TRABALHO MÉDICO,2323099.0,0.0,0.0,0.0,2323099.0
422681,GOCARE PLANOS DE SAUDE LTDA,0.0,29517.0,2277221.0,2277221.0,2306738.0
338648,FUNDAÇÃO SANEPAR DE ASSISTÊNCIA SOCIAL,33400.0,256880.0,1980704.0,0.0,2270984.0
315494,UNIMED NOROESTE DE MINAS COOPERATIVA DE TRABALHO MEDICO LTDA,17790.0,2155292.0,-67975.0,101101.0,2089133.0
413747,DENTAL MASTER LTDA - EPP,0.0,2047921.0,0.0,0.0,2047921.0
326755,ASSOCIAÇÃO EVANGELICA BENEFICENTE DE LONDRINA,-3887958.0,-594071.0,227431.0,6249186.0,1994588.0
415774,CABERJ INTEGRAL SAÚDE S.A,439020.0,-40.0,1963798.0,-490.0,1963641.0
420786,ASSOCIAÇÃO SANTA CASA CLÍNICAS DE BIRIGUI,1889339.0,-599.0,600.0,0.0,1887841.0
420930,HOSPITAL DE CARIDADE SÃO VICENTE DE PAULO,327685.0,0.0,1522490.0,0.0,1850175.0
347604,UNIODONTO DE AMERICANA COOPERATIVA ODONTOLÓGICA,0.0,0.0,-36654.0,1878963.0,1842309.0
314781,UNIMED DE DRACENA - COOPERATIVA DE TRABALHO MÉDICO,1726518.0,16926.0,49882.0,5357.0,1774672.0
350371,UNIMED DO SUDOESTE COOPERATIVA DE TRABALHO MEDICO LTDA,30779.0,4592.0,4592.0,1665087.0,1691274.0
353752,UNIODONTO COOP ODONT VALE TAQUARI E RIO PARDO LTDA,0.0,0.0,0.0,1627240.0,1627240.0
329355,IRMANDADE DE MISERICORDIA DE PORTO FERREIRA,0.0,0.0,-9888.0,1580755.0,1580755.0
421189,BENEFICENCIA SOCIAL BOM SAMARITANO,4986.0,159045.0,15626.0,1581314.0,1556692.0
345709,UNIMED CONSELHEIRO LAFAIETE COOPERATIVA DE TRABALHO MÉDICO LTDA,178.0,1470674.0,1440.0,82173.0,1551803.0
420093,ASSOCIACAO DOS SERVIDORES DA EMDAGRO - ASSEM,1501982.0,0.0,0.0,0.0,1501982.0
335592,UNIMED NATAL SOC. COOP. DE TRAB. MÉDICO,38550.0,6329.0,1435100.0,954387.0,1467937.0
363391,PLANO ASSISTENCIAL SÃO LUCAS LTDA,1449932.0,225.0,-225.0,-350.0,1449932.0
409405,ASSOCIAÇÃO POLICIAL DE ASSISTÊNCIA À SAÚDE - VALE DO RIBEIRA,4000.0,1433785.0,5575.0,6121.0,1435241.0
347795,UNIODONTO DE JUNDIAÍ COOPERATIVA ODONTOLÓGICA,1393977.0,0.0,0.0,0.0,1393977.0
314587,UNIMED VIÇOSA - COOPERATIVA DE TRABALHO MÉDICO,1387359.0,0.0,-185356.0,3779.0,1391142.0
414905,VITA ASSISTÊNCIA A SAÚDE LTDA.,-3855.0,-68421.0,-2450.0,1379672.0,1378212.0
324159,UNIMED ALTA MOGIANA COOPERATIVA DE TRABALHO MÉDICO,697362.0,6358.0,0.0,620920.0,1324640.0
343722,UNIMED PONTE NOVA COOPERATIVA DE TRABALHO MEDICO LTDA,1506.0,1279609.0,650.0,1000.0,1281515.0
356123,UNIMED DO CARIRI - SOCIEDADE COOPERATIVA MÉDICA LTDA,0.0,1275440.0,0.0,5780.0,1281220.0
372561,UNIMED ALTO VALE - COOPERATIVA DE TRABALHO MÉDICO,55245.0,1323433.0,-70155.0,92316.0,1270327.0
323993,UNIMED PETROPOLIS-RJ COOPERATIVA DE TRABALHO MÉDICO,42268.0,10332.0,1152887.0,-2604.0,1195169.0
364860,UNIMED DE TUBARAO - COOPERATIVA DE TRABALHO MEDICO DA REGIAO DA AMUREL,626459.0,40399.0,216062.0,502541.0,1166158.0
418919,ASSOCIAÇÃO SAÚDE SÃO JOSÉ,20408.0,1154369.0,12921.0,17473.0,1162829.0
422835,VIDA TOP MAIS SAÚDE OPERADORA DE PLANOS DE SAÚDE LTDA.,-3000.0,649137.0,238.0,498559.0,1147746.0
365530,UNIMED DE TUPA COOPERATIVA DE TRABALHO MÉDICO,-17422.0,192230.0,-49678.0,1126338.0,1126338.0
403962,SÃO FRANCISCO ASSISTÊNCIA MÉDICA LTDA,-2839.0,-1162.0,-1162.0,1127117.0,1125440.0
419591,ASSOCIAÇÃO DOS SERVIDORES PÚBLICOS DA ADMINISTRAÇÃO DIRETA DO GOVERNO DO ESTADO DO PARÁ - ASPARÁ,1119331.0,0.0,1400.0,3080.0,1119331.0
327328,CASA DE SAÚDE NOSSA SENHORA DE FÁTIMA  LTDA.,267605.0,542495.0,828799.0,1115103.0,1115103.0
351792,OPERADORA SEM NOME,1200670.0,70200.0,84399.0,-80898.0,1114538.0
335754,ASSOCIAÇÃO DOS SERVIDORES FISCAIS DO ESTADO DA BAHIA,1100321.0,0.0,0.0,0.0,1100321.0
318566,UNIMED METROPOLITANA DO AGRESTE - COOPERATIVA DE TRABALHO MÉDICO,80.0,950815.0,182771.0,-1940.0,1098116.0
330566,UNIMED RESENDE COOPERATIVA DE TRABALHO MÉDICO,1076990.0,-1685.0,-11405.0,-22705.0,1054390.0
317233,OPERADORA SEM NOME,-5000.0,-5000.0,-5000.0,1053076.0,1053076.0
354511,OPERADORA UNIESTE DE PLANOS DE SAÚDE LTDA,1021040.0,2456.0,6820.0,34239.0,1052823.0
412040,ODONTOREAL LTDA.,0.0,0.0,0.0,1047997.0,1047997.0
392804,CENTRO CLÍNICO GAÚCHO LTDA,225014.0,597735.0,598800.0,425661.0,948475.0
356417,UNIMED VALE DO SINOS/RS - COOPERATIVA DE ASSISTÊNCIA À SAÚDE LTDA,743.0,923922.0,22055.0,-3590.0,947695.0
420000,ASSOCIAÇÃO DO PLANO DE SAÚDE DA SANTA CASA DE MISERICÓRDIA DE ITABUNA - PLANSUL,86040.0,428280.0,767575.0,1078770.0,943200.0
309907,UNIMED PALMAS COOPERATIVA DE TRABALHO MÉDICO,1822.0,891177.0,44384.0,-3475.0,928844.0
420166,PLANO DE SAÚDE DA SANTA CASA DE BRAGANÇA PAULISTA,956798.0,0.0,0.0,-60000.0,896798.0
358754,CAIXA DE ASSISTÊNCIA DOS FUNCIONÁRIOS DO BANCO DA AMAZÔNIA - CASF,2157.0,931824.0,46961.0,-9296.0,887767.0
303178,UNIMED DE SOBRAL SOCIEDADE COOPERATIVA MÉDICA LTDA,4174.0,653320.0,0.0,218227.0,875721.0
347736,UNIMED CARATINGA - COOPERATIVA DE TRABALHO MÉDICO LTDA,660.0,-1090414.0,1961141.0,-442.0,870085.0
311944,UNIMED DE ADAMANTINA-COOPERATIVA DE TRABALHO MÉDICO,228127.0,590.0,602.0,633220.0,861477.0
420085,SANTA CASA DE SAÚDE - SCS,2272.0,849227.0,0.0,0.0,851499.0
364070,UNIMED TRÊS PONTAS - COOPERATIVA DE TRABALHO MÉDICO,-185137.0,-333.0,951408.0,-363.0,765908.0
348082,UNIMED ANHANGUERA COOPERATIVA DE TRABALHO MÉDICO,94450.0,978324.0,-191028.0,143467.0,761223.0
313149,UNIMED DE BATATAIS - COOPERATIVA DE TRABALHO MÉDICO,0.0,0.0,730700.0,0.0,730700.0
343765,UNIMED CALDAS NOVAS - COOPERATIVA DE TRABALHO MEDICO,-7320.0,-81004.0,-19880.0,753956.0,694772.0
349534,OPERADORA SEM NOME,-1698.0,-3438862.0,4091445.0,-50.0,650835.0
301574,UNIMED DE LIMEIRA COOPERATIVA DE TRABALHO MÉDICO,0.0,104090.0,618123.0,-96730.0,625946.0
361615,UNIMED DE PARANAGUÁ COOPERATIVA DE TRABALHO MÉDICO,98756.0,-63249.0,-33479.0,469288.0,625579.0
320862,UNIMED DE PARANAVAÍ COOPERATIVA DE TRABALHO MÉDICO,1027419.0,1412534.0,-812059.0,-2020.0,593899.0
324175,UNIMED SUDOESTE DE MINAS COOPERATIVA DE TRABALHO MÉDICO,503511.0,139455.0,40498.0,480.0,587333.0
314366,DENTAL PLUS CONVÊNIO ODONTOLÓGICO LTDA.,166064.0,0.0,586432.0,0.0,586432.0
331651,UNIMED ARAXÁ COOPERATIVA DE TRABALHO MÉDICO LTDA.,426647.0,157551.0,-1207.0,0.0,582991.0
321087,UNIMED MARQUES DE VALENÇA COOPERATIVA DE TRABALHO MÉDICO LTDA.,0.0,572735.0,0.0,0.0,572735.0
418137,UNIX SAÚDE S.A,0.0,557084.0,0.0,0.0,557084.0
362573,UNIMED DE UBA COOPERATIVA DE TRABALHO MEDICO,114382.0,1335.0,382516.0,44233.0,536420.0
350346,UNIMED CACERES COOPERATIVA DE TRABALHO MÉDICO ,153924.0,381012.0,-90.0,120331.0,533097.0
354295,UNIMED CHAPECÓ - COOPERATIVA DE TRABALHO MÉDICO DA REGIÃO OESTE CATARINENSE,36166.0,514883.0,29166.0,96143.0,528876.0
330264,UNIMED DE BARRA MANSA SOC. COOP. SERV.MED.E HOSPIT.,517657.0,10355.0,12935.0,0.0,525117.0
311375,UNIMED PELOTAS/RS - COOPERATIVA DE ASSISTÊNCIA À SAÚDE LTDA.,107799.0,406188.0,0.0,0.0,513987.0
366340,UNIMED DE CAPIVARI -COOPERATIVA DE TRABALHO MÉDICO,152158.0,-2090.0,358567.0,-1152.0,512923.0
329886,UNIMED DE JABOTICABAL COOP. DE TRABALHO MÉDICO,-150000.0,6418.0,-149920.0,351707.0,508045.0
421766,BEST SENIOR OPERADORA DE SAÚDE LTDA,0.0,-667.0,-450.0,507611.0,506944.0
323926,UNIMED SÃO JOÃO DEL REI - COOPERATIVA DE TRABALHO MÉDICO,74028.0,510196.0,-20076.0,-87457.0,477651.0
341941,OPERADORA SEM NOME,0.0,0.0,476267.0,0.0,476267.0
316903,POLIMÉDICA SAÚDE SOCIEDADE SIMPLES LTDA,0.0,0.0,405583.0,0.0,405583.0
320251,UNIMED RIO VERDE COOPERATIVA TRABALHO MEDICO,-151884.0,524164.0,524164.0,36860.0,405520.0
354325,UNIMED ARAGUARI COOPERATIVA DE TRABALHO MÉDICO ,528438.0,97855.0,140054.0,-167966.0,402467.0
421723,HEALTH-MED SISTEMA DE SAUDE LTDA,0.0,0.0,393120.0,0.0,393120.0
372609,NOSSA SAÚDE - OPERADORA PLANOS PRIVADOS DE ASSISTÊNCIA  À SAÚDE LTDA.,-110529.0,-98294.0,598615.0,-1194.0,390902.0
360244,OPERADORA SEM NOME,63739.0,93168.0,206423.0,296036.0,388780.0
343331,CAIXA DE ASSISTÊNCIA DOS EMPREGADOS DO SISTEMA FINANCEIRO BANESTES,107268.0,183867.0,276945.0,383490.0,383490.0
343056,UNIODONTO JACAREÍ COOPERATIVA ODONTOLÓGICA,380442.0,0.0,0.0,0.0,380442.0
412058,SBC SAÚDE LTDA.,-9835.0,391821.0,-32709.0,-41922.0,372769.0
304051,UNIMED MONTES CLAROS COOPERATIVA DE  TRABALHO MÉDICO LTDA.,-9045.0,-17229.0,48314.0,335568.0,366481.0
407241,COOP-ODONTOCLASSIC - COOPERATIVA DE TRABALHO ODONTOLÓGICO,0.0,0.0,0.0,357733.0,357733.0
420972,ORALPLAN PLANOS DE SAUDE ODONTOLÓGICOS LTDA,0.0,0.0,0.0,340111.0,340111.0
331104,UNIODONTO DE PINDAMONHANGABA COOP ODONTOLOGICA,0.0,0.0,0.0,339314.0,339314.0
301060,UNIMED ITUIUTABA COOPERATIVA TRABALHO MÉDICO LTDA.,5645.0,305653.0,39047.0,20380.0,336255.0
345091,SANTA CASA DE MISERICORDIA DE SAO JOAQUIM DA BARRA,16603.0,39883.0,278506.0,141450.0,330281.0
408522,SANTA CASA DA MISERICÓRDIA DE SÃO JOÃO DEL REI,314155.0,0.0,0.0,0.0,314155.0
311057,UNIMED VALE DO URUCUIA - COOPERATIVA DE TRABALHO MEDICO LTDA,308545.0,0.0,0.0,0.0,308545.0
309524,UNIMED DE MONTE ALTO - COOPERATIVA DE TRABALHO MÉDICO,0.0,291540.0,0.0,-100.0,291440.0
350770,UNIODONTO DE LONDRINA COOP. ODONTOLÓGICA,91012.0,0.0,198000.0,0.0,289012.0
413372,SOCIEDADE PORTUGUESA DE BENEFICÊNCIA,-10347.0,40365.0,19399.0,266899.0,262892.0
356476,SIM - CAIXA DE ASSISTÊNCIA À SAÚDE,242833.0,29947.0,0.0,0.0,253280.0
382337,UNIODONTO METROPOLITANA COOPERATIVA ODONTOLÓGICA.,0.0,0.0,0.0,249509.0,249509.0
416428,SUL AMÉRICA PARANÁ CLÍNICAS SERVIÇOS DE SAÚDE S.A.,203878.0,8230.0,41570.0,45560.0,243938.0
000884,ITAUSEG SAÚDE S.A.,69000.0,117000.0,176000.0,237000.0,237000.0
308811,UNIMED VALE DO PIQUIRI-COOPERATIVA DE TRABALHO MÉDICO VALE DO PIQUIRI ,-63149.0,288327.0,8171.0,3910.0,232529.0
342386,UNIMED REGIONAL DE TRES LAGOAS COOPERATIVA DE TRABALHO MÉDICO,14161.0,213020.0,6658.0,37439.0,229987.0
416584,ASSOCIAÇÃO FUNDO DE PROTEÇÃO À SAÚDE,0.0,229902.0,0.0,0.0,229902.0
312282,INTERMEDICI PIRACICABA ASSISTENCIA MEDICA LTDA,2829.0,224280.0,4316.0,1194.0,222303.0
343064,GARANTIA DE SAÚDE LTDA,0.0,0.0,212211.0,0.0,212211.0
422304,CARING SAÚDE ASSISTÊNCIA MÉDICA LTDA.,0.0,207252.0,0.0,0.0,207252.0
361011,SINDIFISCO NACIONAL - SINDICATO NACIONAL DOS AUDITORES-FISCAIS DA RECEITA FEDERAL DO BRASIL,206473.0,554.0,-686.0,-1120.0,205907.0
423319,ANAFE SAUDE,0.0,0.0,0.0,201862.0,201862.0
365777,UNIMED NOROESTE DO PARANÁ COOP DE TRABALHO MÉDICO .,436270.0,-234284.0,-4065.0,-2093.0,199804.0
336467,UNIMED PATOS - COOPERATIVA DE TRABALHO MÉDICO,163144.0,66532.0,38986.0,50106.0,186714.0
304212,CENTRO CLÍNICO EM SAÚDE SUL LTDA,0.0,-1329.0,171434.0,0.0,171434.0
423629,AURORA SAÚDE LTDA,158463.0,0.0,0.0,0.0,158463.0
338346,SULMED - ASSISTÊNCIA MÉDICA LTDA,9747.0,19607.0,57224.0,71062.0,147493.0
351270,POLI SAUDE OPERADORA DE PLANO DE SAUDE LTDA,133912.0,9985.0,-600.0,-600.0,147129.0
350699,CENTRO HOSPITALAR ATIBAIA LTDA.,0.0,0.0,144469.0,0.0,144469.0
416525,PRIMA VIDA ODONTOLOGIA DE GRUPO LIMITADA,197943.0,-55014.0,0.0,0.0,142929.0
314242,UNIMED DE PIRASSUNUNGA COOPERATIVA DE TRABALHO MÉDICO,0.0,0.0,0.0,135759.0,135759.0
319121,UNIMED DIVINOPOLIS - COOPERATIVA DE TRABALHO MEDICO LTDA,-95685.0,46558.0,177912.0,337412.0,132167.0
421952,CRZ PLANO ODONTOLÓGICO LTDA,0.0,0.0,0.0,130593.0,130593.0
316458,UNIMED REGIONAL DE FLORIANO - COOPERATIVA DE TRABALHO MÉDICO,118964.0,0.0,0.0,0.0,118964.0
365645,DONA SAÚDE CLINICAS LTDA ,-115.0,-115.0,112593.0,-115.0,112593.0
418129,FUNDO DE ASSISTÊNCIA MÉDICO-HOSPITALAR DO MINISTÉRIO PÚBLICO,0.0,0.0,0.0,106792.0,106792.0
371564,UNIMED FRUTAL COOPERATIVA DE TRABALHO MEDICO LTDA,49978.0,26629.0,27684.0,78668.0,104502.0
350648,UNIMED REGIÃO DA CAMPANHA/RS - COOPERATIVA DE ASSISTÊNCIA À SAÚDE LTDA.,2233.0,2028.0,146466.0,-33363.0,104176.0
385697,CAIXA DE ASSISTÊNCIA DOS FUNCIONÁRIOS DO BANCO DO NORDESTE DO BRASIL,85551.0,0.0,13468.0,0.0,99019.0
407534,ÔNIX OPERADORA DE PLANOS DE SAÚDE LTDA,0.0,92038.0,0.0,0.0,92038.0
403911,OPERADORA SEM NOME,401602.0,-313310.0,470.0,550.0,87972.0
386596,CENTRAL REGIONAL DAS COOPERATIVAS MÉDICAS - UNIMED CERRADO,0.0,85906.0,-5965.0,-8436.0,83787.0
337498,UNIMED TRÊS RIOS COOPERATIVA DE TRABALHO MÉDICO,651.0,76635.0,5700.0,6150.0,83436.0
419753,MEDGOLD ASSISTENCIA MEDICA LTDA - ME,0.0,0.0,250.0,81797.0,81797.0
357022,UNIMED ERECHIM - COOPERATIVA DE SERVIÇOS DE SAÚDE LTDA.,57567.0,47902.0,-501.0,-105.0,78294.0
344788,UNIMED DE CORUMBA COOPERATIVA DE TRABALHO MÉDICO,-5262.0,24480.0,-1887.0,53707.0,76265.0
416398,HOSPITAIS E CLÍNICAS DO PIAUÍ S/S LTDA,0.0,0.0,74491.0,0.0,74491.0
353876,UNIMED PONTAL DO TRIÂNGULO - COOPERATIVA DE TRABALHO MÉDICO,25432.0,72919.0,-2592.0,12284.0,65763.0
343404,UNIODONTO DE MATO GROSSO COOP TRAB ODONTOLOGICO LTDA,0.0,69316.0,0.0,-4187.0,65129.0
415693,POLICLIN SAÚDE S/A.,39549.0,18844.0,23169.0,30519.0,61404.0
414557,IDENTAL ASSISTÊNCIA ODONTOLÓGICA LTDA - ME,0.0,0.0,0.0,59710.0,59710.0
423351,AME VVIDA PLANOS DE SAUDE INTEGRADO LTDA.,0.0,0.0,0.0,57756.0,57756.0
335614,SAMEDIL SERVIÇOS DE ATENDIMENTO MÉDICO S/A,-23236.0,22220.0,56850.0,57060.0,57060.0
422487,VOCÊ TOTAL PLANOS DE SAÚDE LIMITADA,-3200.0,55059.0,-325.0,-1116.0,53943.0
417491,PORTOMED - PORTO SEGURO SERVIÇOS DE SAUDE LTDA,51068.0,1416.0,1490.0,0.0,51068.0
420271,R.M.I. OPERADORA DE SAÚDE INTEGRADA LTDA,50667.0,0.0,0.0,0.0,50667.0
368181,CROE - CENTRO DE REABILITACAO ORAL ESPECIALIZADO LTDA,0.0,0.0,0.0,49538.0,49538.0
306754,ASSOCIAÇÃO DOS FUNCIONÁRIOS DO FISCO DO ESTADO DE GOIÁS,0.0,-7980.0,55531.0,0.0,47551.0
342203,UNIODONTO DE SC COOPERATIVA ADMINISTRADORA DE CONTRATOS,0.0,0.0,45445.0,0.0,45445.0
320897,UNIMED CENTRO SUL FLUMINENSE COOPERATIVA DE TRABALHO MÉDICO,5189.0,16854.0,31548.0,14441.0,43195.0
367095,SAMEL PLANO DE SAÚDE LTDA,0.0,12500.0,42500.0,42500.0,42500.0
355593,UNIMED PATROCÍNIO COOPERATIVA DE TRABALHO MÉDICO LTDA.,36611.0,2785.0,3335.0,5885.0,41111.0
408093,ASSOCIAÇÃO POLICIAL DE ASSISTENCIA A SAUDE DE BOTUCATU,0.0,0.0,36500.0,36500.0,36500.0
421618,ASSOCIAÇÃO HOSPITAL SAÚDE DE VARGEM GRANDE DO SUL,34400.0,34400.0,0.0,0.0,34400.0
420123,ASSOCIAÇÃO UNIVIDA SANTA RITA DO PASSA QUATRO,2100.0,41050.0,43990.0,31230.0,31230.0
419354,OPERADORA SEM NOME,2715.0,18395.0,21395.0,30570.0,30570.0
412252,SV SAUDE ADMINSTRADORES DE PLANO DE SAUDE LTDA,31492.0,71776.0,16100.0,-2100.0,29302.0
326500,SOBAM CENTRO MÉDICO HOSPITALAR S.A.,0.0,-43.0,-43.0,27180.0,27180.0
420981,S1 OPERADORA DE PLANO DE SAÚDE LTDA,0.0,58.0,11411.0,26816.0,26874.0
352519,UNIMED ALTO JACUÍ/RS - COOPERATIVA DE ASSISTÊNCIA À SAÚDE LTDA,5251.0,17533.0,13220.0,16820.0,26773.0
415057,NEWKLIN ODONTOCLÍNICA LTDA. ME.,0.0,0.0,0.0,26400.0,26400.0
404241,COOPERATIVA DOS USUÁRIOS DE SERVIÇOS DE SAÚDE DO VALE DO RIO DOS SINOS LTDA,0.0,25689.0,0.0,0.0,25689.0
345776,UNIMED DE BIRIGUI - COOPERATIVA DE TRABALHO MÉDICO,5517.0,10562.0,20499.0,18140.0,23885.0
327468,UNIMED SUDOESTE PAULISTA COOPERATIVA DE TRABALHO MÉDICO,0.0,0.0,19497.0,0.0,19497.0
301647,UNIODONTO DE FERNANDOPOLIS COOPERATIVA ODONTOLOGICA,0.0,0.0,0.0,18090.0,18090.0
381144,UNIODONTO MARINGA COOPERATIVA ODONTOLOGICA,17675.0,0.0,0.0,0.0,17675.0
344915,SANTA CASA DE MISERICÓRDIA E ASILO DOS POBRES DE BATATAIS,15676.0,-268.0,-1104.0,598.0,16374.0
330281,ASSOCIAÇÃO DOS AUDITORES FISCAIS DO ESTADO DA PARAÍBA - AFRAFEP,16138.0,0.0,0.0,0.0,16138.0
302627,CAIXA DE ASSISTÊNCIA DOS MAGISTRADOS DE PERNAMBUCO,2773.0,7816.0,14888.0,15737.0,15737.0
315648,UNIMED CATAGUASES COOPERATIVA DE TRABALHO MÉDICO LTDA,-4747.0,8100.0,18443.0,17205.0,15561.0
387185,ASSOCIAÇÃO DOS AUDITORES FISCAIS DA RECEITA ESTADUAL DO RIO DE JANEIRO,0.0,0.0,14700.0,14700.0,14700.0
316997,UNIODONTO DE ARARAQUARA COOPERATIVA ODONTOLÓGICA,14118.0,0.0,-749.0,0.0,13369.0
344451,UNIODONTO REGIONAL COOPERATIVA ODONTOLOGICA,0.0,12624.0,0.0,0.0,12624.0
323942,FUNDAÇÃO FILANTRÓPICA E BENEFICENTE DE SAÚDE ARNALDO GAVAZZA FILHO,21248.0,10592.0,1761.0,3257.0,12180.0
422088,ODONT-OPERADORA ODONTOLOGICA LTDA,2160.0,11775.0,0.0,0.0,11775.0
359726,OPERADORA SEM NOME,0.0,0.0,0.0,11340.0,11340.0
346926,FUNDAÇÃO ASSISTENCIAL DOS SERVIDORES DO MINISTÉRIO DA FAZENDA,0.0,10917.0,0.0,0.0,10917.0
421367,MEDHEALTH PLANOS DE SAÚDE LTDA,0.0,10644.0,10644.0,10644.0,10644.0
311359,FUNDAÇÃO DE SAÚDE ITAIGUAPY,0.0,0.0,7450.0,10480.0,10480.0
344729,UNIMED VARGINHA COOPERATIVA DE TRABALHO MÉDICO,3858.0,343.0,343.0,6217.0,10075.0
333875,IRMANDADE DA SANTA CASA DE MISERICÓRDIA DE PASSOS,0.0,300.0,300.0,6160.0,6460.0
408034,ASSOCIAÇÃO POLICIAL DE ASSISTÊNCIA À SAÚDE DE JAÚ,0.0,4304.0,1760.0,-462.0,6064.0
318477,OPERADORA UNICENTRAL DE PLANOS DE SAÚDE LTDA.,0.0,123.0,5226.0,123.0,5226.0
416801,UNIMED SAÚDE E ODONTO S.A,4536.0,0.0,0.0,0.0,4536.0
357669,DESBAN - FUNDAÇÃO BDMG DE SEGURIDADE SOCIAL,4314.0,0.0,0.0,0.0,4314.0
414425,DENTSY ODONTOLOGIA S/S LTDA.,0.0,0.0,0.0,4185.0,4185.0
408026,ASSOCIAÇÃO POLICIAL DE ASSISTÊNCIA À SAÚDE DE DRACENA,400.0,400.0,3250.0,3250.0,3250.0
417262,OPERADORA SEM NOME,3042.0,0.0,0.0,0.0,3042.0
373010,OPERADORA SEM NOME,2850.0,0.0,0.0,0.0,2850.0
413330,AMEP FREGUESIA OPERADORA DE PLANO DE SAUDE LTDA,1990.0,1480.0,1480.0,1730.0,2840.0
304883,UNIMED DE BOTUCATU COOPERATIVA DE TRABALHO MÉDICO,605.0,1655.0,885.0,1695.0,2705.0
373109,UNIODONTO DE SERTAOZINHO SP COOPERATIVA ODONTOLOGICA,0.0,0.0,0.0,2199.0,2199.0
401871,OPERADORA SEM NOME,0.0,0.0,0.0,2165.0,2165.0
335258,UNIODONTO DE FORTALEZA COOPERATIVA DE TRABALHO ODONTOLOGICO LTDA,1237.0,2700.0,2700.0,0.0,2027.0
321958,UNIMED DO CEARÁ - FEDERAÇÃO DAS SOCIEDADES COOPERATIVAS MÉDICAS DO ESTADO DO CEARÁ LTDA.,178.0,1300.0,0.0,98.0,1398.0
422606,OPERADORA SEM NOME,1300.0,1300.0,0.0,0.0,1300.0
415081,PORTO DIAS SAUDE LTDA.,640.0,1020.0,1020.0,1020.0,1020.0
417840,VERTEMED S/A,0.0,558.0,987.0,0.0,987.0
418021,ASSOCIAÇÃO SANTA SAÚDE,-87.0,-87.0,807.0,-87.0,807.0
412015,MH VIDA - OPERADORA DE PLANOS DE SAÚDE LTDA,688.0,688.0,688.0,688.0,688.0
392391,OPERADORA SEM NOME,455.0,0.0,0.0,0.0,455.0
421561,BRASIL ODONTO OPERADORA DE PLANOS ODONTOLÓGICOS LTDA,240.0,340.0,340.0,0.0,340.0
365238,UNIMED DE IBITINGA COOPERATIVA DE TRABALHO MÉDICO,70.0,0.0,45.0,45.0,115.0
302228,UNIMED VALE DO CORUMBÁ COOPERATIVA DE TRABALHO MEDICO,66.0,66.0,0.0,0.0,66.0
325082,UNIMED DO OESTE DA BAHIA COOPERATIVA DE TRABALHO MÉDICO,0.0,0.0,55.0,55.0,55.0
397245,CROWN ODONTOLOGIA DE GRUPO LTDA,40.0,40.0,40.0,40.0,40.0
333239,SISTEMA PREVSAUDE DENTAL LTDA,0.0,0.0,0.0,30.0,30.0
423882,BLESS ASSISTENCIA MEDICA LTDA,0.0,0.0,2.0,0.0,2.0
423921,JFC SAUDE ASSISTENCIA MEDICA LTDA,0.0,0.0,2.0,0.0,2.0
314315,UNIODONTO DO BRASIL CENTRAL NACIONAL DAS COOPERATIVAS ODONTÓLOGICAS,0.0,1.0,1.0,0.0,1.0
413551,PLAMEDH - PLANO DE ASSISTÊNCIA MÉDICO-HOSPITALAR LTDA,0.0,0.0,1.0,0.0,1.0
349283,UNIODONTO DE ARACAJU COOP DE TRABALHO ODONTOLOGICO,0.0,0.0,0.0,-24.0,-24.0
421341,CAIXA DE ASSISTÊNCIA À SAÚDE DOS SERVIDORES PÚBLICOS DO ESTADO DO MATO GROSSO DO SUL,-25.0,0.0,0.0,0.0,-25.0
336025,UNIODONTO DE RONDONIA COOPERATIVA LTDA.,0.0,-37.0,0.0,0.0,-37.0
369462,UNIODONTO DE LIMEIRA COOPERATIVA ODONTOLÓGICA,0.0,0.0,0.0,-48.0,-48.0
415944,CLÍNICA SÃO GABRIEL S/S LTDA,0.0,0.0,-80.0,-80.0,-80.0
422533,PROVER ODONTOLOGIA LTDA,0.0,0.0,0.0,-112.0,-112.0
329665,FUNDACAO CAPITAL PREVIDENCIA E SAUDE - CAPITAL PREV,0.0,0.0,-156.0,-156.0,-156.0
349682,DOCTOR CLIN OPERADORA DE PLANOS DE SAÚDE LTDA.,-224.0,0.0,0.0,0.0,-224.0
406813,ASSOCIAÇÃO POLICIAL DE ASSISTÊNCIA À SAÚDE,-250.0,0.0,0.0,0.0,-250.0
363171,OPERADORA SEM NOME,0.0,-256.0,-256.0,-256.0,-256.0
351628,WM ADMINISTRAÇÃO DE PLANOS ODONTOLÓGICOS LTDA.,0.0,0.0,0.0,-330.0,-330.0
423335,UNITY SERVIÇOS INTEGRADOS DE SAÚDE LTDA.,-360.0,0.0,0.0,0.0,-360.0
330892,ASSOCIAÇÃO SAÚDE CONCEIÇÃO,-81.0,-546.0,-210.0,-20.0,-556.0
422754,ODILE SERVIÇOS DE SAÚDE LTDA.,0.0,-650.0,-650.0,-650.0,-650.0
414930,SAÚDE SANTA TEREZA LTDA.,-577.0,-365.0,-448.0,0.0,-660.0
418820,CAIXA DE ASSISTÊNCIA AOS MEMBROS DA DEFENSORIA PÚBLICA DO ESTADO DO RIO DE JANEIRO,-261.0,-783.0,0.0,0.0,-783.0
310247,CIRCULO OPERARIO CAXIENSE,919.0,919.0,919.0,-1367.0,-1367.0
350249,H.B. SAÚDE S/A.,0.0,-303.0,-303.0,-1947.0,-1947.0
418226,OPLAN SAÚDE OPERADORA DE PLANO DE SAÚDE LTDA,-83.0,3037.0,6544.0,4624.0,-3493.0
315567,FUNDAÇÃO AFFEMG DE ASSISTÊNCIA E SAÚDE - FUNDAFFEMG,0.0,-3931.0,0.0,0.0,-3931.0
315265,PARANA ASSISTENCIA MEDICA LTDA,-4300.0,-533.0,-733.0,-733.0,-4983.0
422053,ASSOCIAÇÃO FCA SAÚDE,-1470.0,-3492.0,-1660.0,0.0,-5152.0
306045,SANTA CASA DE MISERICÓRDIA DE TUPÃ,0.0,0.0,-5782.0,0.0,-5782.0
401081,AMESC - ASSOCIAÇÃO MÉDICA ESPÍRITA CRISTÃ,0.0,-6064.0,0.0,0.0,-6064.0
354678,UNIMED MACHADO COOPERATIVA DE TRABALHO MEDICO,13546.0,-3514.0,-115.0,-16812.0,-6800.0
407224,SEPACO SAÚDE LTDA,0.0,-7922.0,0.0,0.0,-7922.0
417106,PLANO DE ASSISTÊNCIA ODONTOLÓGICA FAUCHARD LTDA. ME,0.0,-8361.0,0.0,0.0,-8361.0
401072,UNIDENTAL- COOPERATIVA UNIÃO DOS DENTISTAS DO ESTADO DO CEARÁ,0.0,0.0,0.0,-8406.0,-8406.0
324299,PLAMER PLANO MEDICO RESENDE LTDA,-160.0,3112.0,-12337.0,-1309.0,-12497.0
419427,INSTITUIÇÃO BENEFICENTE CEL MASSOT - IBCM,0.0,-12591.0,0.0,0.0,-12591.0
422355,PD BRASIL ASSISTENCIA ODONTOLOGICA LTDA,0.0,0.0,0.0,-13420.0,-13420.0
313955,OPERADORA SEM NOME,0.0,-14274.0,-14274.0,-14274.0,-14274.0
421421,2CARE OPERADORA DE SAÚDE LTDA.,-14750.0,0.0,0.0,0.0,-14750.0
301728,PRONTOMED PLANOS DE SAÚDE LTDA,-315.0,-13125.0,-2038.0,-3784.0,-15894.0
325465,AMPARA ASSISTÊNCIA MÉDICA PARAÍSO LTDA,4070.0,-58774.0,62277.0,19256.0,-16914.0
410624,CONFIANÇA ASSISTÊNCIA MÉDICO HOSPITALAR LTDA,-15846.0,-684.0,-1495.0,-1935.0,-17325.0
305928,NOSAMED ASSISTÊNCIA MÉDICA LTDA.,0.0,0.0,0.0,-17777.0,-17777.0
414352,HBC SAÚDE LTDA.,-19384.0,0.0,0.0,0.0,-19384.0
345741,OPERADORA SEM NOME,-23877.0,0.0,0.0,0.0,-23877.0
406805,COOPERATIVA DOS USUÁRIOS DE SERVIÇOS DE SAÚDE LTDA.,-24229.0,0.0,0.0,0.0,-24229.0
312363,UNIMED DO EST. DO RJ FEDERAÇÃO EST. DAS COOPERATIVAS MÉDICAS,0.0,-28833.0,-180.0,-540.0,-28833.0
328537,MED-TOUR ADMINISTRADORA DE BENEFÍCIOS E EMPREENDIMENTOS LTDA.,-12449.0,-26251.0,-3470.0,-8065.0,-33335.0
419834,OPERADORA SEM NOME,0.0,0.0,-35628.0,0.0,-35628.0
419524,SORRIDEN CONVÊNIOS ODONTOLÓGICOS S.A.,0.0,0.0,20721.0,-57375.0,-36654.0
382281,PLANO DE ASSISTÊNCIA MÉDICA MINEIRA LTDA,-11593.0,-24002.0,-37923.0,0.0,-37920.0
413721,SOCIEDADE BENEFICENTE DEZOITO DE JULHO,0.0,-46987.0,0.0,0.0,-46987.0
409243,SAUDE PAS - MEDICINA E ODONTO,-7864.0,-23143.0,-48517.0,0.0,-48517.0
344443,OPERADORA SEM NOME,-51724.0,0.0,0.0,0.0,-51724.0
354619,UNIMED DE SAO JOSÉ DO RIO PARDO-COOP. DE TRAB. MÉDICO,-192.0,-51375.0,-1302.0,-462.0,-52215.0
000701,UNIMED SEGUROS SAÚDE S/A,-3050.0,112.0,-56934.0,220.0,-59876.0
362832,UNIMED PLANALTO CENTRAL/RS - COOPERATIVA DE ASSISTÊNCIA  À SAÚDE LTDA.,-3187.0,-57837.0,-105.0,-6579.0,-64798.0
419851,"CAIXA DE ASSISTÊNCIA À SAÚDE DOS TRABALHADORES NAS INDÚSTRIAS METALÚRGICAS, MECÂNICAS E DO MATERIAL ELÉTRICO DE BRUSQUE",-466.0,-1612.0,-66184.0,-1612.0,-66650.0
343129,ASSOCIACAO DOS PROFESSORES UNIVERSITÁRIOS DA BAHIA,-540.0,-67294.0,450.0,450.0,-67294.0
416401,CAIXA DE ASSISTÊNCIA DOS EMPREGADOS DA EMPRESA BRASILEIRA DE PESQUISA  AGROPECUÁRIA,0.0,0.0,0.0,-68311.0,-68311.0
412228,OPERADORA SEM NOME,-6000.0,-71000.0,0.0,0.0,-71000.0
418072,CAIXA SEGURADORA ESPECIALIZADA EM SAÚDE S/A,480.0,480.0,480.0,-74194.0,-74194.0
321931,CONFERÊNCIA SÃO JOSÉ DO AVAÍ,389.0,-340.0,-7007.0,-72564.0,-78421.0
356581,UNIMED ITAÚNA COOPERATIVA DE TRABALHO MÉDICO LTDA.,935.0,-97709.0,180.0,4037.0,-93631.0
319872,CAMIM OPERADORA DE PLANO DE SAÚDE LTDA,-98836.0,0.0,0.0,0.0,-98836.0
314706,HOSPITAL CESAR LEITE,-100186.0,0.0,0.0,0.0,-100186.0
414921,IDEAL ODONTO ASSISTÊNCIA ODONTOLÓGICA LTDA.,0.0,0.0,0.0,-105541.0,-105541.0
422959,PRESERVE SAUDE ASSISTENCIA MEDICA LTDA,7493.0,18323.0,-109228.0,5593.0,-108372.0
333808,IRMANDADE DE MISERICÓRDIA DO HOSPITAL DA SANTA CASA DE MONTE ALTO,-6390.0,-13720.0,-98308.0,0.0,-112028.0
351776,UNIMED DE REGISTRO COOPERATIVA DE TRABALHO MÉDICO,0.0,0.0,0.0,-116111.0,-116111.0
324361,CAIXA DE ASSISTÊNCIA À SAÚDE - CABERJ,63700.0,-182531.0,0.0,-2350.0,-121181.0
384704,ASSOCIAÇÃO DOS EMPREGADOS DA COMPANHIA ESTADUAL DE HABITAÇÃO E OBRAS PÚBLICAS - ASSEC,-122980.0,0.0,0.0,0.0,-122980.0
327557,CAIXA ASSISTENCIAL E BENEFICENTE DOS FUNCIONÁRIOS DA ACARESC,0.0,0.0,-135923.0,24238.0,-128895.0
323004,UNIMED DE PENAPOLIS - COOPERATIVA DE TRABALHO MEDICO,2891.0,52693.0,-187176.0,31384.0,-134535.0
304484,DENTAL UNI - COOPERATIVA ODONTOLÓGICA,-146002.0,0.0,4920.0,6264.0,-139738.0
311294,UNIMED DE OURINHOS - COOPERATIVA DE TRABALHO MÉDICO,-20850.0,-148198.0,11161.0,25410.0,-153667.0
369233,OPERADORA SEM NOME,562.0,672.0,-195817.0,0.0,-195145.0
417475,PRONTO SOCORRO CONDE DE MOREIRA LIMA,13595.0,-235902.0,-444.0,-444.0,-222751.0
401480,EVANGELICO SAUDE LTDA.,1610.0,-122277.0,-92884.0,-103294.0,-223660.0
331988,PASA - PLANO DE ASSISTENCIA A SAUDE DO APOSENTADO DA VALE,0.0,0.0,-231302.0,0.0,-231302.0
342157,UNIMED MORRINHOS COOPERATIVA DE TRABALHO MEDICO,0.0,-261517.0,0.0,0.0,-261517.0
416495,MATÃO CLINICAS & AMHMA SAÚDE LTDA,11259.0,21029.0,27163.0,-274803.0,-267710.0
336858,UNIMED FRANCISCO BELTRAO COOPERATIVA DE TRABALHO MEDICO,-115546.0,0.0,2700.0,-165197.0,-280743.0
317632,ASSOCIACAO DOS AUDITORES FISCAIS DA RECEITA ESTADUAL DE SAO PAULO,-294151.0,0.0,0.0,0.0,-294151.0
421006,ASSOCIAÇÃO SÃO LUIZ SAÚDE,-31733.0,-73688.0,-273960.0,-140077.0,-327124.0
361941,UNIMED DE TATUI - COOPERATIVA DE TRABALHO MÉDICO,-73985.0,-51121.0,-399491.0,-465540.0,-351177.0
344800,BLUE MED SAUDE LTDA,-374833.0,-374833.0,0.0,0.0,-374833.0
368920,AGROS - INSTITUTO UFV DE SEGURIDADE SOCIAL,0.0,0.0,-70.0,-429771.0,-429771.0
412996,ORALE ASSISTÊNCIA ODONTOLÓGICA LTDA,0.0,0.0,0.0,-462073.0,-462073.0
326089,OPERADORA SEM NOME,497276.0,25956.0,-615972.0,-440752.0,-520866.0
412635,ASSOCIAÇÃO VALEPARAIBANA DE ASSISTÊNCIA MÉDICA POLICIAL - EM LIQUIDAÇÃO EXTRAJUDICIAL,0.0,0.0,-600038.0,0.0,-600038.0
301124,UNIMED GURUPI COOPERATIVA DE TRABALHO MÉDICO,22558.0,0.0,142057.0,-776709.0,-612094.0
366561,BENSAUDE PLANO DE ASSISTENCIA MEDICA HOSPITALAR LTDA.,-662899.0,38073.0,0.0,0.0,-624826.0
324345,UNIMED COSTA DO DESCOBRIMENTO COOPERATIVA DE TRABALHO MÉDICO,-479141.0,-193530.0,-423.0,-173.0,-672855.0
352861,OPERADORA SEM NOME,-704093.0,0.0,0.0,0.0,-704093.0
363286,UNIMED DE TAUBATÉ COOPERATIVA DE TRABALHO MÉDICO,13439.0,-7887.0,-803834.0,1425.0,-804398.0
414689,FUNDO DE ASSISTÊNCIA À SAÚDE DOS FUNCIONÁRIOS DO BEC,-923557.0,0.0,0.0,0.0,-923557.0
341819,UNIMED ALTO PARANAIBA COOPERATIVA DE TRABALHO MEDICO,0.0,0.0,0.0,-1015099.0,-1015099.0
357260,UNIMED NOROESTE/RS - SOCIEDADE COOPERATIVA DE ASSISTÊNCIA À SAÚDE LTDA.,786022.0,7750.0,-1813616.0,0.0,-1033442.0
350141,OPERADORA SEM NOME,-1179083.0,21150.0,40860.0,56510.0,-1133003.0
422762,SANTA CASA DE MISERICÓRDIA E BENEFICÊNCIA PORTUGUESA,-87150.0,-297295.0,-682545.0,-1160720.0,-1160720.0
418285,FUNDAÇÃO FIAT SAÚDE E BEM ESTAR,-990.0,-1830.0,-1353174.0,0.0,-1353174.0
355691,UNIMED DO ESTADO DE SANTA CATARINA FED. EST. DAS COOP. MÉD.,5646228.0,-110063.0,-7098772.0,-270933.0,-1917701.0
394734,AMEPLAN ASSISTÊNCIA MÉDICA PLANEJADA LTDA,0.0,-2132312.0,0.0,-160500.0,-2292812.0
378216,FUNDAÇÃO LIBERTAS DE SEGURIDADE SOCIAL,32366.0,15540.0,17300.0,-2465300.0,-2439554.0
417599,ASSOCIAÇAO DOS FUNCIONARIOS PUBLICOS DO ESTADO DO RIO GRANDE DO SUL,0.0,-10999.0,-146908.0,-2436339.0,-2442758.0
319422,IRMANDADE DA SANTA CASA DE MISERICORDIA DE LIMEIRA,-620984.0,-1526328.0,-2337645.0,-1916464.0,-2768596.0
360414,UNIMED NOROESTE FLUMINENSE - COOPERATIVA DE TRABALHO MÉDICO LTDA,0.0,0.0,-2894351.0,0.0,-2894351.0
354996,UNIMED ALFENAS COOPERATIVA DE TRABALHO MEDICO,-2660.0,0.0,0.0,-3041956.0,-3044616.0
416690,ASSOCIAÇÃO DE ASSISTÊNCIA À SAÚDE DA AMAGIS,0.0,0.0,0.0,-3046992.0,-3046992.0
329339,UNIMED DE CRICIÚMA COOPERATIVA DE TRABALHO MÉDICO DA REGIÃO CARBONÍFERA,-5212762.0,633003.0,1925342.0,-6242.0,-3612369.0
379280,LIV LINHAS INTELIGENTES DE ATENÇÃO À VIDA S/A,84.0,150.0,-22464.0,-3707546.0,-3730160.0
305472,UNIMED REGIONAL SUL GOIAS COOP. DE TRABALHO MÉDICO LTDA,0.0,772467.0,-4740945.0,233820.0,-3734658.0
355151,FUNDAÇÃO COPEL DE PREVIDÊNCIA E ASSISTÊNCIA SOCIAL,101926.0,0.0,-4287891.0,0.0,-4185965.0
327417,AUSTACLINICAS ASSISTÊNCIA MÉDICA E HOSPITALAR LTDA,199350.0,-1207911.0,1689075.0,-2342991.0,-4353903.0
414581,UNIÃO MÉDICA PLANOS DE SAÚDE S/A,556633.0,-6359.0,-5353239.0,-510.0,-4796440.0
313211,UNIMED VALE DO CAÍ/RS - COOPERATIVA DE ASSISTÊNCIA À SAÚDE LTDA.,-5102890.0,230.0,39602.0,75758.0,-4987760.0
370681,UNIMED PATO BRANCO SOCIEDADE COOPERATIVA DE MÉDICOS,5253641.0,-112415.0,-10880157.0,340721.0,-5397398.0
371777,UNIMED NORTE CAPIXABA- COOPERATIVA DE TRABALHO MÉDICO,531664.0,89920.0,-50.0,-9172857.0,-8592113.0
353663,UNIMED NORTE DO MATO GROSSO COOPERATIVA DE TRABALHO MÉDICO,249559.0,584060.0,-3381.0,-15085236.0,-14275679.0
321273,UNIMED DE JOINVILLE COOPERATIVA DE TRABALHO MÉDICO,6847199.0,-27968657.0,-723532.0,-42211.0,-21890361.0
346659,CAIXA DE ASSISTÊNCIA DOS FUNCIONÁRIOS DO BANCO DO BRASIL,0.0,-21170848.0,60.0,-796283.0,-21967071.0
414492,LIFE EMPRESARIAL SAÚDE LTDA.,-73930.0,12154.0,2982.0,-26096812.0,-26162260.0
419133,POSTAL SAÚDE CAIXA DE ASSISTÊNCIA E SAÚDE DOS EMPREGADOS DOS CORREIOS,-166679.0,-1335197.0,360.0,-55322629.0,-56825705.0
333689,MEDISERVICE OPERADORA DE PLANOS DE SAÚDE S.A.,-136175435.0,0.0,0.0,0.0,-136175435.0
359017,NOTRE DAME INTERMÉDICA SAÚDE S.A.,0.0,-457350959.0,0.0,486926.0,-456864033.0
006246,SUL AMERICA COMPANHIA DE SEGURO SAÚDE,-7070958.0,3461065.0,-664563616.0,47325.0,-668137784.0
